domain,model,configuration,evaluation_rows,family_size,beta,lag,frequency,calendar_direction,mean_product,standard_error,statistic,raw_statistic,standard_error_abstain,calendar_gaps,observed_groups,original_policy_abstain,original_guard_reason,forecast_pooled_fallback_rows,outcome_pooled_fallback_rows,forecast_unseen_entity_rows,outcome_unseen_entity_rows,cohort_sha256,guard_reason,normal_p_one_sided,guarded_p,BY_adjusted_p,final_label
electricity,dlinear,complementary_all,34992,11,2,14,D,True,0.016424778683149968,0.0018743633107999465,8.76285754661947,8.76285754661947,False,0,729,False,none,0,0,0,0,12553db517213f4038de753151e273c5d0296e4b05e46c006a0a610e90696384,no_guard,9.518107961439743e-19,9.518107961439743e-19,5.2696450764555704e-18,RETAIN
electricity,dlinear,complementary_middle,21024,11,2,14,D,True,0.0186264093407543,0.0027211676264260621,6.8450062244853056,6.8450062244853056,False,0,438,False,none,0,0,0,0,12553db517213f4038de753151e273c5d0296e4b05e46c006a0a610e90696384,no_guard,3.8236273120990929e-12,3.8236273120990929e-12,2.5403148089137072e-11,RETAIN
electricity,dlinear,directional_middle,21024,11,2,14,D,True,0.019467501870370923,0.002838819707253408,6.8576041728292649,6.8576041728292649,False,0,438,False,none,0,0,0,0,12553db517213f4038de753151e273c5d0296e4b05e46c006a0a610e90696384,no_guard,3.5012479914119345e-12,3.5012479914119345e-12,3.7230691301096446e-11,RETAIN
electricity,dlinear,directional_all,34992,11,2,14,D,True,0.015887598288983552,0.0020348464475067472,7.8077627471351843,7.8077627471351843,False,0,729,False,none,7008,6960,0,0,12553db517213f4038de753151e273c5d0296e4b05e46c006a0a610e90696384,no_guard,2.9106016154745796e-15,2.9106016154745796e-15,2.417156466597148e-14,RETAIN
electricity,drift,complementary_all,34992,11,2,14,D,True,0.018744925795639918,0.0020676210490288473,9.0659387533534392,9.0659387533534392,False,0,729,False,none,0,0,0,0,12553db517213f4038de753151e273c5d0296e4b05e46c006a0a610e90696384,no_guard,6.1767920290226065e-20,6.1767920290226065e-20,5.1486679449223741e-19,RETAIN
electricity,drift,complementary_middle,21024,11,2,14,D,True,0.020798768513573047,0.0029855141378317229,6.9665617221556628,6.9665617221556628,False,0,438,False,none,0,0,0,0,12553db517213f4038de753151e273c5d0296e4b05e46c006a0a610e90696384,no_guard,1.6239022191498096e-12,1.6239022191498096e-12,1.3485960185243026e-11,RETAIN
electricity,drift,directional_middle,21024,11,2,14,D,True,0.019697714247169679,0.0029889888587822425,6.5900928968985228,6.5900928968985228,False,0,438,False,none,0,0,0,0,12553db517213f4038de753151e273c5d0296e4b05e46c006a0a610e90696384,no_guard,2.1977572991857372e-11,2.1977572991857372e-11,1.2167755375141349e-10,RETAIN
electricity,drift,directional_all,34992,11,2,14,D,True,0.016454788492395379,0.0021604553871965929,7.6163518996553385,7.6163518996553385,False,0,729,False,none,7008,6960,0,0,12553db517213f4038de753151e273c5d0296e4b05e46c006a0a610e90696384,no_guard,1.3047283799797261e-14,1.3047283799797261e-14,7.2235527391853737e-14,RETAIN
electricity,histgbr_lag,complementary_all,34992,11,2,14,D,True,0.012935027232924837,0.0017268800395336059,7.4904028865944374,7.4904028865944374,False,0,729,False,none,0,0,0,0,12553db517213f4038de753151e273c5d0296e4b05e46c006a0a610e90696384,no_guard,3.4331257558681913e-14,3.4331257558681913e-14,1.1404380561487386e-13,RETAIN
electricity,histgbr_lag,complementary_middle,21024,11,2,14,D,True,0.014858638473516747,0.0026348995261700329,5.6391670065365149,5.6391670065365149,False,0,438,False,none,0,0,0,0,12553db517213f4038de753151e273c5d0296e4b05e46c006a0a610e90696384,no_guard,8.5437374534968466e-09,8.5437374534968466e-09,2.8381143094034703e-08,RETAIN
electricity,histgbr_lag,directional_middle,21024,11,2,14,D,True,0.015936140607701651,0.0027102559284689722,5.879939396241447,5.879939396241447,False,0,438,False,none,0,0,0,0,12553db517213f4038de753151e273c5d0296e4b05e46c006a0a610e90696384,no_guard,2.052083603612991e-09,2.052083603612991e-09,7.513349503778172e-09,RETAIN
electricity,histgbr_lag,directional_all,34992,11,2,14,D,True,0.01257791700636611,0.0018607576316579473,6.7595676042769224,6.7595676042769224,False,0,729,False,none,7008,6960,0,0,12553db517213f4038de753151e273c5d0296e4b05e46c006a0a610e90696384,no_guard,6.9202084351425966e-12,6.9202084351425966e-12,2.2987998742627852e-11,RETAIN
electricity,holt_winters,complementary_all,34992,11,2,14,D,True,0.012364927624776109,0.0013707922947147116,9.0202780336969202,9.0202780336969202,False,0,729,False,none,0,0,0,0,12553db517213f4038de753151e273c5d0296e4b05e46c006a0a610e90696384,no_guard,9.3806266975036875e-20,9.3806266975036875e-20,6.2322352497994527e-19,RETAIN
electricity,holt_winters,complementary_middle,21024,11,2,14,D,True,0.01298860789332293,0.0018551424922038514,7.0014071414497492,7.0014071414497492,False,0,438,False,none,0,0,0,0,12553db517213f4038de753151e273c5d0296e4b05e46c006a0a610e90696384,no_guard,1.2670218021542374e-12,1.2670218021542374e-12,1.3485960185243026e-11,RETAIN
electricity,holt_winters,directional_middle,21024,11,2,14,D,True,0.012192376431269823,0.0011224521984173198,10.862267852886136,10.862267852886136,False,0,438,False,none,0,0,0,0,12553db517213f4038de753151e273c5d0296e4b05e46c006a0a610e90696384,no_guard,8.718215877099787e-28,8.718215877099787e-28,2.8960736876503976e-26,RETAIN
electricity,holt_winters,directional_all,34992,11,2,14,D,True,0.011694952145373645,0.0010105584998433216,11.57276114859936,11.57276114859936,False,0,729,False,none,7008,6960,0,0,12553db517213f4038de753151e273c5d0296e4b05e46c006a0a610e90696384,no_guard,2.831517351434609e-31,2.831517351434609e-31,9.4059186113469258e-30,RETAIN
electricity,lasso_lag,complementary_all,34992,11,2,14,D,True,0.014181085173273534,0.0016980076230683223,8.3516027729299154,8.3516027729299154,False,0,729,False,none,0,0,0,0,12553db517213f4038de753151e273c5d0296e4b05e46c006a0a610e90696384,no_guard,3.367140629059485e-17,3.367140629059485e-17,1.2427985414426743e-16,RETAIN
electricity,lasso_lag,complementary_middle,21024,11,2,14,D,True,0.01597329820891559,0.0025762571972625524,6.2001954718994288,6.2001954718994288,False,0,438,False,none,0,0,0,0,12553db517213f4038de753151e273c5d0296e4b05e46c006a0a610e90696384,no_guard,2.819653817444974e-10,2.819653817444974e-10,1.0519243471920508e-09,RETAIN
electricity,lasso_lag,directional_middle,21024,11,2,14,D,True,0.01572727690025872,0.0026810072198160994,5.8661822258492515,5.8661822258492515,False,0,438,False,none,0,0,0,0,12553db517213f4038de753151e273c5d0296e4b05e46c006a0a610e90696384,no_guard,2.2297184346453089e-09,2.2297184346453089e-09,7.513349503778172e-09,RETAIN
electricity,lasso_lag,directional_all,34992,11,2,14,D,True,0.012661121941425039,0.0018305708107002139,6.9164884895012708,6.9164884895012708,False,0,729,False,none,7008,6960,0,0,12553db517213f4038de753151e273c5d0296e4b05e46c006a0a610e90696384,no_guard,2.3148800822857862e-12,2.3148800822857862e-12,8.5441325647365713e-12,RETAIN
electricity,linear_lag,complementary_all,34992,11,2,14,D,True,0.014161779694399993,0.00169475250033349,8.3562524271911478,8.3562524271911478,False,0,729,False,none,0,0,0,0,12553db517213f4038de753151e273c5d0296e4b05e46c006a0a610e90696384,no_guard,3.2371048413929353e-17,3.2371048413929353e-17,1.2427985414426743e-16,RETAIN
electricity,linear_lag,complementary_middle,21024,11,2,14,D,True,0.015942130061542523,0.002571929206312662,6.1985104498263102,6.1985104498263102,False,0,438,False,none,0,0,0,0,12553db517213f4038de753151e273c5d0296e4b05e46c006a0a610e90696384,no_guard,2.850001098340208e-10,2.850001098340208e-10,1.0519243471920508e-09,RETAIN
electricity,linear_lag,directional_middle,21024,11,2,14,D,True,0.015693470260682522,0.0026763252236162455,5.8638128588413982,5.8638128588413982,False,0,438,False,none,0,0,0,0,12553db517213f4038de753151e273c5d0296e4b05e46c006a0a610e90696384,no_guard,2.2617864736439648e-09,2.2617864736439648e-09,7.513349503778172e-09,RETAIN
electricity,linear_lag,directional_all,34992,11,2,14,D,True,0.012640515847322552,0.0018271426122149306,6.9181878649303936,6.9181878649303936,False,0,729,False,none,7008,6960,0,0,12553db517213f4038de753151e273c5d0296e4b05e46c006a0a610e90696384,no_guard,2.2872869950196727e-12,2.2872869950196727e-12,8.5441325647365713e-12,RETAIN
electricity,naive_1,complementary_all,34992,11,2,14,D,True,0.018772741766643744,0.0020707815334970753,9.0655346606944516,9.0655346606944516,False,0,729,False,none,0,0,0,0,12553db517213f4038de753151e273c5d0296e4b05e46c006a0a610e90696384,no_guard,6.1997315627357857e-20,6.1997315627357857e-20,5.1486679449223741e-19,RETAIN
electricity,naive_1,complementary_middle,21024,11,2,14,D,True,0.02084333225889972,0.0029893254887660365,6.9725870726454877,6.9725870726454877,False,0,438,False,none,0,0,0,0,12553db517213f4038de753151e273c5d0296e4b05e46c006a0a610e90696384,no_guard,1.5558247330350596e-12,1.5558247330350596e-12,1.3485960185243026e-11,RETAIN
electricity,naive_1,directional_middle,21024,11,2,14,D,True,0.01975021574513294,0.0029940234750669144,6.5965467236997988,6.5965467236997988,False,0,438,False,none,0,0,0,0,12553db517213f4038de753151e273c5d0296e4b05e46c006a0a610e90696384,no_guard,2.1042245723061055e-11,2.1042245723061055e-11,1.2167755375141349e-10,RETAIN
electricity,naive_1,directional_all,34992,11,2,14,D,True,0.016488680309600531,0.0021642748292252296,7.6185704730961428,7.6185704730961428,False,0,729,False,none,7008,6960,0,0,12553db517213f4038de753151e273c5d0296e4b05e46c006a0a610e90696384,no_guard,1.2825021883633718e-14,1.2825021883633718e-14,7.2235527391853737e-14,RETAIN
electricity,ridge_lag,complementary_all,34992,11,2,14,D,True,0.015082634535626844,0.0017677621808969222,8.5320495588237204,8.5320495588237204,False,0,729,False,none,0,0,0,0,12553db517213f4038de753151e273c5d0296e4b05e46c006a0a610e90696384,no_guard,7.1888717614481126e-18,7.1888717614481126e-18,3.411494580626887e-17,RETAIN
electricity,ridge_lag,complementary_middle,21024,11,2,14,D,True,0.017215283900690125,0.0026500660424355958,6.4961716519593136,6.4961716519593136,False,0,438,False,none,0,0,0,0,12553db517213f4038de753151e273c5d0296e4b05e46c006a0a610e90696384,no_guard,4.1194824460790416e-11,4.1194824460790416e-11,2.2807274804479008e-10,RETAIN
electricity,ridge_lag,directional_middle,21024,11,2,14,D,True,0.017959357129477466,0.0027849559960789277,6.4487040925469925,6.4487040925469925,False,0,438,False,none,0,0,0,0,12553db517213f4038de753151e273c5d0296e4b05e46c006a0a610e90696384,no_guard,5.6405286812196134e-11,5.6405286812196134e-11,2.6767250364715139e-10,RETAIN
electricity,ridge_lag,directional_all,34992,11,2,14,D,True,0.014381384773975573,0.0019355924598730562,7.4299652804592773,7.4299652804592773,False,0,729,False,none,7008,6960,0,0,12553db517213f4038de753151e273c5d0296e4b05e46c006a0a610e90696384,no_guard,5.4313094042582594e-14,5.4313094042582594e-14,2.5774395778903802e-13,RETAIN
electricity,seasonal_naive_7,complementary_all,34992,11,2,14,D,True,-0.00038159831740872791,7.1254232992983731e-05,-5.355447688929627,-5.355447688929627,False,0,729,True,exact_observed_baseline_copy,0,0,0,0,12553db517213f4038de753151e273c5d0296e4b05e46c006a0a610e90696384,exact_observed_baseline_copy,0.99999995732758185,1,1,ABSTAIN
electricity,seasonal_naive_7,complementary_middle,21024,11,2,14,D,True,-0.00020799387755528648,7.7907440570386459e-05,-2.6697562650305753,-2.6697562650305753,False,0,438,True,exact_observed_baseline_copy,0,0,0,0,12553db517213f4038de753151e273c5d0296e4b05e46c006a0a610e90696384,exact_observed_baseline_copy,0.99620468375171978,1,1,ABSTAIN
electricity,seasonal_naive_7,directional_middle,21024,11,2,14,D,True,0.0043233207098276449,0.0013542599013591343,3.1923862660991169,3.1923862660991169,False,0,438,True,exact_observed_baseline_copy,0,0,0,0,12553db517213f4038de753151e273c5d0296e4b05e46c006a0a610e90696384,exact_observed_baseline_copy,0.00070551250420761472,1,1,ABSTAIN
electricity,seasonal_naive_7,directional_all,34992,11,2,14,D,True,0.0023334299381217996,0.00088724023397350395,2.6299866132890948,2.6299866132890948,False,0,729,True,exact_observed_baseline_copy,7008,6960,0,0,12553db517213f4038de753151e273c5d0296e4b05e46c006a0a610e90696384,exact_observed_baseline_copy,0.004269411523849226,1,1,ABSTAIN
electricity,ses,complementary_all,34992,11,2,14,D,True,0.010674247130368934,0.0011328792614840367,9.4222283815011334,9.4222283815011334,False,0,729,False,none,0,0,0,0,12553db517213f4038de753151e273c5d0296e4b05e46c006a0a610e90696384,no_guard,2.2080721807549066e-21,2.2080721807549066e-21,7.3349178699672218e-20,RETAIN
electricity,ses,complementary_middle,21024,11,2,14,D,True,0.010565948567184666,0.0016785562892383957,6.2946644297396244,6.2946644297396244,False,0,438,False,none,0,0,0,0,12553db517213f4038de753151e273c5d0296e4b05e46c006a0a610e90696384,no_guard,1.5403278340435705e-10,1.5403278340435705e-10,7.3096589181191225e-10,RETAIN
electricity,ses,directional_middle,21024,11,2,14,D,True,0.0069736121889163285,0.00088400791118203317,7.888630973439712,7.888630973439712,False,0,438,False,none,0,0,0,0,12553db517213f4038de753151e273c5d0296e4b05e46c006a0a610e90696384,no_guard,1.5275973890117441e-15,1.5275973890117441e-15,2.5372362109436923e-14,RETAIN
electricity,ses,directional_all,34992,11,2,14,D,True,0.0075373417542909348,0.00076622736919964673,9.8369518726066545,9.8369518726066545,False,0,729,False,none,7008,6960,0,0,12553db517213f4038de753151e273c5d0296e4b05e46c006a0a610e90696384,no_guard,3.9019705356593584e-23,3.9019705356593584e-23,6.4809098315591382e-22,RETAIN
electricity,theta,complementary_all,34992,11,2,14,D,True,0.017390939902150002,0.0018823142133362642,9.23912691033971,9.23912691033971,False,0,729,False,none,0,0,0,0,12553db517213f4038de753151e273c5d0296e4b05e46c006a0a610e90696384,no_guard,1.242583631339866e-20,1.242583631339866e-20,2.063847586569276e-19,RETAIN
electricity,theta,complementary_middle,21024,11,2,14,D,True,0.019572924050606164,0.0027284932977766564,7.1735283596098194,7.1735283596098194,False,0,438,False,none,0,0,0,0,12553db517213f4038de753151e273c5d0296e4b05e46c006a0a610e90696384,no_guard,3.6544551647179072e-13,3.6544551647179072e-13,1.2139606995781775e-11,RETAIN
electricity,theta,directional_middle,21024,11,2,14,D,True,0.019215014903659372,0.0028165458847686821,6.8221913257548321,6.8221913257548321,False,0,438,False,none,0,0,0,0,12553db517213f4038de753151e273c5d0296e4b05e46c006a0a610e90696384,no_guard,4.4831069789520159e-12,4.4831069789520159e-12,3.7230691301096446e-11,RETAIN
electricity,theta,directional_all,34992,11,2,14,D,True,0.015827974994662822,0.0020152334444913087,7.8541645078037927,7.8541645078037927,False,0,729,False,none,7008,6960,0,0,12553db517213f4038de753151e273c5d0296e4b05e46c006a0a610e90696384,no_guard,2.0122288918242102e-15,2.0122288918242102e-15,2.2281176291467785e-14,RETAIN
ratings,Alternating least squares,complementary_all,12088,10,2,0,cluster,False,0.18936057708685577,0.014859311967617543,12.743562925357759,12.743562925357759,False,0,279,False,none,0,0,0,0,57d505e90caac55bd3eec2cdbc640cb18291d68483dee03a7368e2cf5aac17de,no_guard,1.6928609255953886e-37,1.6928609255953886e-37,1.6527786364840689e-36,RETAIN
ratings,Alternating least squares,complementary_middle,7212,10,2,0,cluster,False,0.19980945183630677,0.015694050261221715,12.731541476581995,12.731541476581995,False,0,168,False,none,0,0,0,0,57d505e90caac55bd3eec2cdbc640cb18291d68483dee03a7368e2cf5aac17de,no_guard,1.9748180620920213e-37,1.9748180620920213e-37,5.7841794112306386e-36,RETAIN
ratings,Alternating least squares,directional_middle,7212,10,2,0,cluster,False,0.14091266706288599,0.016142068294336544,8.7295298528953253,8.7295298528953253,False,0,168,False,none,0,0,2404,2110,57d505e90caac55bd3eec2cdbc640cb18291d68483dee03a7368e2cf5aac17de,no_guard,1.2786672460670359e-18,1.2786672460670359e-18,3.7451757711193615e-17,RETAIN
ratings,Alternating least squares,directional_all,12088,10,2,0,cluster,False,0.14090901548688486,0.013837795564213044,10.182909180368309,10.182909180368309,False,0,279,False,none,2060,2816,2757,2335,57d505e90caac55bd3eec2cdbc640cb18291d68483dee03a7368e2cf5aac17de,no_guard,1.181933246875645e-24,1.181933246875645e-24,3.4618449584083873e-23,RETAIN
ratings,Global mean,complementary_all,12088,10,2,0,cluster,False,0,0,,,True,0,279,True,zero_within_cluster_forecast_rank_variation,0,0,0,0,57d505e90caac55bd3eec2cdbc640cb18291d68483dee03a7368e2cf5aac17de,zero_within_cluster_forecast_rank_variation,,1,1,ABSTAIN
ratings,Global mean,complementary_middle,7212,10,2,0,cluster,False,0,0,,,True,0,168,True,zero_within_cluster_forecast_rank_variation,0,0,0,0,57d505e90caac55bd3eec2cdbc640cb18291d68483dee03a7368e2cf5aac17de,zero_within_cluster_forecast_rank_variation,,1,1,ABSTAIN
ratings,Global mean,directional_middle,7212,10,2,0,cluster,False,0,0,,,True,0,168,True,zero_within_cluster_forecast_rank_variation,0,0,2404,2110,57d505e90caac55bd3eec2cdbc640cb18291d68483dee03a7368e2cf5aac17de,zero_within_cluster_forecast_rank_variation,,1,1,ABSTAIN
ratings,Global mean,directional_all,12088,10,2,0,cluster,False,0,0,,,True,0,279,True,zero_within_cluster_forecast_rank_variation,2060,2816,2757,2335,57d505e90caac55bd3eec2cdbc640cb18291d68483dee03a7368e2cf5aac17de,zero_within_cluster_forecast_rank_variation,,1,1,ABSTAIN
ratings,Item mean,complementary_all,12088,10,2,0,cluster,False,0.00088247640775554058,0.00033787785132163693,2.6118208231278306,2.6118208231278306,False,0,279,True,exact_observed_baseline_copy,0,0,0,0,57d505e90caac55bd3eec2cdbc640cb18291d68483dee03a7368e2cf5aac17de,exact_observed_baseline_copy,0.004503072082097357,1,1,ABSTAIN
ratings,Item mean,complementary_middle,7212,10,2,0,cluster,False,0.00081240705127314493,0.00041942064141427797,1.93697441435816,1.93697441435816,False,0,168,True,exact_observed_baseline_copy,0,0,0,0,57d505e90caac55bd3eec2cdbc640cb18291d68483dee03a7368e2cf5aac17de,exact_observed_baseline_copy,0.026374235505623393,1,1,ABSTAIN
ratings,Item mean,directional_middle,7212,10,2,0,cluster,False,0.0011479458971433748,0.00059583372419586044,1.9266212208660178,1.9266212208660178,False,0,168,True,exact_observed_baseline_copy,0,0,2404,2110,57d505e90caac55bd3eec2cdbc640cb18291d68483dee03a7368e2cf5aac17de,exact_observed_baseline_copy,0.027013426026468418,1,1,ABSTAIN
ratings,Item mean,directional_all,12088,10,2,0,cluster,False,0.00089147971749003996,0.00043240652054711353,2.0616703845309092,2.0616703845309092,False,0,279,True,exact_observed_baseline_copy,2060,2816,2757,2335,57d505e90caac55bd3eec2cdbc640cb18291d68483dee03a7368e2cf5aac17de,exact_observed_baseline_copy,0.019619563989236487,1,1,ABSTAIN
ratings,Item nearest neighbours,complementary_all,12088,10,2,0,cluster,False,0.18235442203641164,0.014106708952509052,12.92678700966448,12.92678700966448,False,0,279,False,none,0,0,0,0,57d505e90caac55bd3eec2cdbc640cb18291d68483dee03a7368e2cf5aac17de,no_guard,1.5891269127361897e-38,1.5891269127361897e-38,2.3272511394654397e-37,RETAIN
ratings,Item nearest neighbours,complementary_middle,7212,10,2,0,cluster,False,0.17937406381570289,0.018303190688351584,9.8001527094321954,9.8001527094321954,False,0,168,False,none,0,0,0,0,57d505e90caac55bd3eec2cdbc640cb18291d68483dee03a7368e2cf5aac17de,no_guard,5.6207781797453118e-23,5.6207781797453118e-23,5.4876936170238291e-22,RETAIN
ratings,Item nearest neighbours,directional_middle,7212,10,2,0,cluster,False,0.1331414970570414,0.020253085037324987,6.5738872281270302,6.5738872281270302,False,0,168,False,none,0,0,2404,2110,57d505e90caac55bd3eec2cdbc640cb18291d68483dee03a7368e2cf5aac17de,no_guard,2.4509181538478966e-11,2.4509181538478966e-11,2.392887155231657e-10,RETAIN
ratings,Item nearest neighbours,directional_all,12088,10,2,0,cluster,False,0.14022702543774698,0.01477116354189181,9.4932958422710332,9.4932958422710332,False,0,279,False,none,2060,2816,2757,2335,57d505e90caac55bd3eec2cdbc640cb18291d68483dee03a7368e2cf5aac17de,no_guard,1.119213019829935e-21,1.119213019829935e-21,1.0927131348366071e-20,RETAIN
ratings,SVD (32 factors),complementary_all,12088,10,2,0,cluster,False,0.046699615000536841,0.0046349535020504514,10.075530418995024,10.075530418995024,False,0,279,False,none,0,0,0,0,57d505e90caac55bd3eec2cdbc640cb18291d68483dee03a7368e2cf5aac17de,no_guard,3.5438661388390351e-24,3.5438661388390351e-24,2.0759742833945172e-23,RETAIN
ratings,SVD (32 factors),complementary_middle,7212,10,2,0,cluster,False,0.04939752846707187,0.0065730891720500017,7.5151161309539738,7.5151161309539738,False,0,168,False,none,0,0,0,0,57d505e90caac55bd3eec2cdbc640cb18291d68483dee03a7368e2cf5aac17de,no_guard,2.8430218970118552e-14,2.8430218970118552e-14,1.6654241763368652e-13,RETAIN
ratings,SVD (32 factors),directional_middle,7212,10,2,0,cluster,False,0.041139782604449726,0.007109850707983735,5.7863075181386554,5.7863075181386554,False,0,168,False,none,0,0,2404,2110,57d505e90caac55bd3eec2cdbc640cb18291d68483dee03a7368e2cf5aac17de,no_guard,3.5975222298056953e-09,3.5975222298056953e-09,2.1074056808091933e-08,RETAIN
ratings,SVD (32 factors),directional_all,12088,10,2,0,cluster,False,0.039307633681847885,0.0048667620276157285,8.0767527688435301,8.0767527688435301,False,0,279,False,none,2060,2816,2757,2335,57d505e90caac55bd3eec2cdbc640cb18291d68483dee03a7368e2cf5aac17de,no_guard,3.325710355987194e-16,3.325710355987194e-16,1.9481800109159902e-15,RETAIN
ratings,SVD (40 factors),complementary_all,12088,10,2,0,cluster,False,0.049141735162536448,0.004627855917879611,10.618683043410778,10.618683043410778,False,0,279,False,none,0,0,0,0,57d505e90caac55bd3eec2cdbc640cb18291d68483dee03a7368e2cf5aac17de,no_guard,1.2198939846493271e-26,1.2198939846493271e-26,8.9325768856117878e-26,RETAIN
ratings,SVD (40 factors),complementary_middle,7212,10,2,0,cluster,False,0.049309771396270463,0.0060815474416296362,8.1080961497946014,8.1080961497946014,False,0,168,False,none,0,0,0,0,57d505e90caac55bd3eec2cdbc640cb18291d68483dee03a7368e2cf5aac17de,no_guard,2.5709521584878317e-16,2.5709521584878317e-16,1.8825593136705044e-15,RETAIN
ratings,SVD (40 factors),directional_middle,7212,10,2,0,cluster,False,0.04066304632245147,0.0066767106564570482,6.0902813398280529,6.0902813398280529,False,0,168,False,none,0,0,2404,2110,57d505e90caac55bd3eec2cdbc640cb18291d68483dee03a7368e2cf5aac17de,no_guard,5.6356217149530175e-10,5.6356217149530175e-10,4.1266392736178787e-09,RETAIN
ratings,SVD (40 factors),directional_all,12088,10,2,0,cluster,False,0.040048187041270028,0.0047791193258382896,8.3798257190921479,8.3798257190921479,False,0,279,False,none,2060,2816,2757,2335,57d505e90caac55bd3eec2cdbc640cb18291d68483dee03a7368e2cf5aac17de,no_guard,2.6503065731987376e-17,2.6503065731987376e-17,1.940665954045623e-16,RETAIN
ratings,SVD interaction,complementary_all,12088,10,2,0,cluster,False,0.23013257810045332,0.016924449717117054,13.597640215604869,13.597640215604869,False,0,279,False,none,0,0,0,0,57d505e90caac55bd3eec2cdbc640cb18291d68483dee03a7368e2cf5aac17de,no_guard,2.0678143707153241e-42,2.0678143707153241e-42,6.0565626469245268e-41,RETAIN
ratings,SVD interaction,complementary_middle,7212,10,2,0,cluster,False,0.23146157375581902,0.02281704884566255,10.14423799157616,10.14423799157616,False,0,168,False,none,0,0,0,0,57d505e90caac55bd3eec2cdbc640cb18291d68483dee03a7368e2cf5aac17de,no_guard,1.7575546939125393e-24,1.7575546939125393e-24,2.5739109515413596e-23,RETAIN
ratings,SVD interaction,directional_middle,7212,10,2,0,cluster,False,0.16786599137737182,0.025168656180332236,6.6696445839070586,6.6696445839070586,False,0,168,False,none,0,0,2404,2110,57d505e90caac55bd3eec2cdbc640cb18291d68483dee03a7368e2cf5aac17de,no_guard,1.2821182553991347e-11,1.2821182553991347e-11,1.8776418339486138e-10,RETAIN
ratings,SVD interaction,directional_all,12088,10,2,0,cluster,False,0.17304933246736093,0.017686605354395781,9.7842027342093498,9.7842027342093498,False,0,279,False,none,2060,2816,2757,2335,57d505e90caac55bd3eec2cdbc640cb18291d68483dee03a7368e2cf5aac17de,no_guard,6.5814272825636967e-23,6.5814272825636967e-23,9.638395788214809e-22,RETAIN
ratings,Slope One,complementary_all,12088,10,2,0,cluster,False,0.029485022165744893,0.0041084736779808404,7.1766365022047962,7.1766365022047962,False,0,279,False,none,0,0,0,0,57d505e90caac55bd3eec2cdbc640cb18291d68483dee03a7368e2cf5aac17de,no_guard,3.5723657265706614e-13,3.5723657265706614e-13,1.7438909674482836e-12,RETAIN
ratings,Slope One,complementary_middle,7212,10,2,0,cluster,False,0.033389535120234508,0.0058662941018106105,5.6917594891686303,5.6917594891686303,False,0,168,False,none,0,0,0,0,57d505e90caac55bd3eec2cdbc640cb18291d68483dee03a7368e2cf5aac17de,no_guard,6.2868442288642064e-09,6.2868442288642064e-09,3.0689945273311312e-08,RETAIN
ratings,Slope One,directional_middle,7212,10,2,0,cluster,False,0.028706663656420592,0.0060713418641610249,4.7282238916367554,4.7282238916367554,False,0,168,False,none,0,0,2404,2110,57d505e90caac55bd3eec2cdbc640cb18291d68483dee03a7368e2cf5aac17de,no_guard,1.1324617831419203e-06,1.1324617831419203e-06,5.5282410194249426e-06,RETAIN
ratings,Slope One,directional_all,12088,10,2,0,cluster,False,0.025170413976116232,0.0043237436646660033,5.8214399206435319,5.8214399206435319,False,0,279,False,none,2060,2816,2757,2335,57d505e90caac55bd3eec2cdbc640cb18291d68483dee03a7368e2cf5aac17de,no_guard,2.917138905434801e-09,2.917138905434801e-09,1.4240345410723718e-08,RETAIN
ratings,User and item bias,complementary_all,12088,10,2,0,cluster,False,0.00088247640775554058,0.00033787785132163693,2.6118208231278306,2.6118208231278306,False,0,279,True,same_observed_baseline_weak_order,0,0,0,0,57d505e90caac55bd3eec2cdbc640cb18291d68483dee03a7368e2cf5aac17de,same_observed_baseline_weak_order,0.004503072082097357,1,1,ABSTAIN
ratings,User and item bias,complementary_middle,7212,10,2,0,cluster,False,0.00081240705127314493,0.00041942064141427797,1.93697441435816,1.93697441435816,False,0,168,True,same_observed_baseline_weak_order,0,0,0,0,57d505e90caac55bd3eec2cdbc640cb18291d68483dee03a7368e2cf5aac17de,same_observed_baseline_weak_order,0.026374235505623393,1,1,ABSTAIN
ratings,User and item bias,directional_middle,7212,10,2,0,cluster,False,0.0011479458971433748,0.00059583372419586044,1.9266212208660178,1.9266212208660178,False,0,168,True,same_observed_baseline_weak_order,0,0,2404,2110,57d505e90caac55bd3eec2cdbc640cb18291d68483dee03a7368e2cf5aac17de,same_observed_baseline_weak_order,0.027013426026468418,1,1,ABSTAIN
ratings,User and item bias,directional_all,12088,10,2,0,cluster,False,0.00089147971749003996,0.00043240652054711353,2.0616703845309092,2.0616703845309092,False,0,279,True,same_observed_baseline_weak_order,2060,2816,2757,2335,57d505e90caac55bd3eec2cdbc640cb18291d68483dee03a7368e2cf5aac17de,same_observed_baseline_weak_order,0.019619563989236487,1,1,ABSTAIN
ratings,User mean,complementary_all,12088,10,2,0,cluster,False,0,0,,,True,0,279,True,zero_within_cluster_forecast_rank_variation,0,0,0,0,57d505e90caac55bd3eec2cdbc640cb18291d68483dee03a7368e2cf5aac17de,zero_within_cluster_forecast_rank_variation,,1,1,ABSTAIN
ratings,User mean,complementary_middle,7212,10,2,0,cluster,False,0,0,,,True,0,168,True,zero_within_cluster_forecast_rank_variation,0,0,0,0,57d505e90caac55bd3eec2cdbc640cb18291d68483dee03a7368e2cf5aac17de,zero_within_cluster_forecast_rank_variation,,1,1,ABSTAIN
ratings,User mean,directional_middle,7212,10,2,0,cluster,False,0,0,,,True,0,168,True,zero_within_cluster_forecast_rank_variation,0,0,2404,2110,57d505e90caac55bd3eec2cdbc640cb18291d68483dee03a7368e2cf5aac17de,zero_within_cluster_forecast_rank_variation,,1,1,ABSTAIN
ratings,User mean,directional_all,12088,10,2,0,cluster,False,0,0,,,True,0,279,True,zero_within_cluster_forecast_rank_variation,2060,2816,2757,2335,57d505e90caac55bd3eec2cdbc640cb18291d68483dee03a7368e2cf5aac17de,zero_within_cluster_forecast_rank_variation,,1,1,ABSTAIN
retail,Croston SBA,complementary_all,112000,10,2,2,W-FRI,True,-0.016164966702066887,0.001881619142788107,-8.5909875885479643,-8.5909875885479643,False,0,28,False,none,0,0,0,0,81801a5c0571a3c12620e1f20eae86f63be34859d97332266000440be3f41676,no_guard,1,1,1,NOT_RETAINED
retail,Croston SBA,complementary_middle,68000,10,2,2,W-FRI,True,-0.019878578046207469,0.0010230692344404477,-19.43033509074267,-19.43033509074267,False,0,17,False,none,0,0,0,0,81801a5c0571a3c12620e1f20eae86f63be34859d97332266000440be3f41676,no_guard,1,1,1,NOT_RETAINED
retail,Croston SBA,directional_middle,68000,10,2,2,W-FRI,True,0.0055164499101486852,0.00090355555524029841,6.1052692091319152,6.1052692091319152,False,0,17,False,none,0,0,0,0,81801a5c0571a3c12620e1f20eae86f63be34859d97332266000440be3f41676,no_guard,5.1313775789264748e-10,5.1313775789264748e-10,3.0059284055600244e-09,RETAIN
retail,Croston SBA,directional_all,112000,10,2,2,W-FRI,True,-0.0084969598678886742,0.0081633637566848292,-1.0408650307822764,-1.0408650307822764,False,0,28,False,none,24000,20000,0,0,81801a5c0571a3c12620e1f20eae86f63be34859d97332266000440be3f41676,no_guard,0.85103090334295339,0.85103090334295339,1,NOT_RETAINED
retail,Eight week mean,complementary_all,112000,10,2,2,W-FRI,True,0.036028685081427571,0.0093808411536916436,3.8406667900190592,3.8406667900190592,False,0,28,False,none,0,0,0,0,81801a5c0571a3c12620e1f20eae86f63be34859d97332266000440be3f41676,no_guard,6.135028571319296e-05,6.135028571319296e-05,0.00029948839870970711,RETAIN
retail,Eight week mean,complementary_middle,68000,10,2,2,W-FRI,True,0.021868999907212004,0.010616840807614986,2.0598406158191942,2.0598406158191942,False,0,17,False,none,0,0,0,0,81801a5c0571a3c12620e1f20eae86f63be34859d97332266000440be3f41676,no_guard,0.019706890156262747,0.019706890156262747,0.082458365217332949,NOT_RETAINED
retail,Eight week mean,directional_middle,68000,10,2,2,W-FRI,True,0.06000151047539265,0.004564507565402204,13.145231904135443,13.145231904135443,False,0,17,False,none,0,0,0,0,81801a5c0571a3c12620e1f20eae86f63be34859d97332266000440be3f41676,no_guard,9.0624497672206737e-40,9.0624497672206737e-40,2.6543627671371348e-38,RETAIN
retail,Eight week mean,directional_all,112000,10,2,2,W-FRI,True,0.052771635191628051,0.0074467044254682693,7.0865757758754642,7.0865757758754642,False,0,28,False,none,24000,20000,0,0,81801a5c0571a3c12620e1f20eae86f63be34859d97332266000440be3f41676,no_guard,6.8735479580230602e-13,6.8735479580230602e-13,1.5066512450648113e-11,RETAIN
retail,Exponential smoothing,complementary_all,112000,10,2,2,W-FRI,True,0.041595793878583365,0.0096967749942340857,4.2896523744561605,4.2896523744561605,False,0,28,False,none,0,0,0,0,81801a5c0571a3c12620e1f20eae86f63be34859d97332266000440be3f41676,no_guard,8.9476500483701796e-06,8.9476500483701796e-06,5.2414765878587536e-05,RETAIN
retail,Exponential smoothing,complementary_middle,68000,10,2,2,W-FRI,True,0.030103883361250441,0.011948137984020616,2.5195460080483865,2.5195460080483865,False,0,17,False,none,0,0,0,0,81801a5c0571a3c12620e1f20eae86f63be34859d97332266000440be3f41676,no_guard,0.0058753141375109171,0.0058753141375109171,0.034417217181720701,RETAIN
retail,Exponential smoothing,directional_middle,68000,10,2,2,W-FRI,True,0.048356781557598948,0.0061752947007023586,7.8306840242132898,7.8306840242132898,False,0,17,False,none,0,0,0,0,81801a5c0571a3c12620e1f20eae86f63be34859d97332266000440be3f41676,no_guard,2.4261137213213377e-15,2.4261137213213377e-15,1.7765025175667452e-14,RETAIN
retail,Exponential smoothing,directional_all,112000,10,2,2,W-FRI,True,0.048629215019079783,0.0092443208143056302,5.260442167241302,5.260442167241302,False,0,28,False,none,24000,20000,0,0,81801a5c0571a3c12620e1f20eae86f63be34859d97332266000440be3f41676,no_guard,7.1854699787617633e-08,7.1854699787617633e-08,5.2615033644087862e-07,RETAIN
retail,Four week mean,complementary_all,112000,10,2,2,W-FRI,True,0.06097165474591551,0.010098253610320603,6.0378415019802381,6.0378415019802381,False,0,28,False,none,0,0,0,0,81801a5c0571a3c12620e1f20eae86f63be34859d97332266000440be3f41676,no_guard,7.8094682129393938e-10,7.8094682129393938e-10,7.6245614920245591e-09,RETAIN
retail,Four week mean,complementary_middle,68000,10,2,2,W-FRI,True,0.047060388964519986,0.012371285510057105,3.8040015264592144,3.8040015264592144,False,0,17,False,none,0,0,0,0,81801a5c0571a3c12620e1f20eae86f63be34859d97332266000440be3f41676,no_guard,7.1188650772347221e-05,7.1188650772347221e-05,0.00069503099385012548,RETAIN
retail,Four week mean,directional_middle,68000,10,2,2,W-FRI,True,0.056798045812731179,0.005453664498203073,10.414657123012528,10.414657123012528,False,0,17,False,none,0,0,0,0,81801a5c0571a3c12620e1f20eae86f63be34859d97332266000440be3f41676,no_guard,1.0628107086924731e-25,1.0628107086924731e-25,1.0376462752459183e-24,RETAIN
retail,Four week mean,directional_all,112000,10,2,2,W-FRI,True,0.062837998744383533,0.0089378820877458361,7.0305244718473894,7.0305244718473894,False,0,28,False,none,24000,20000,0,0,81801a5c0571a3c12620e1f20eae86f63be34859d97332266000440be3f41676,no_guard,1.0287931547387413e-12,1.0287931547387413e-12,1.5066512450648113e-11,RETAIN
retail,Last week,complementary_all,112000,10,2,2,W-FRI,True,0.026879263144797574,0.013924618855058966,1.9303410329994091,1.9303410329994091,False,0,28,True,exact_observed_baseline_copy,0,0,0,0,81801a5c0571a3c12620e1f20eae86f63be34859d97332266000440be3f41676,exact_observed_baseline_copy,0.026782298007846747,1,1,ABSTAIN
retail,Last week,complementary_middle,68000,10,2,2,W-FRI,True,0.02363468115302372,0.019186001492789546,1.2318711203012296,1.2318711203012296,False,0,17,True,exact_observed_baseline_copy,0,0,0,0,81801a5c0571a3c12620e1f20eae86f63be34859d97332266000440be3f41676,exact_observed_baseline_copy,0.10899861547850415,1,1,ABSTAIN
retail,Last week,directional_middle,68000,10,2,2,W-FRI,True,0.024564889729377676,0.016246043995477161,1.5120536258683315,1.5120536258683315,False,0,17,True,exact_observed_baseline_copy,0,0,0,0,81801a5c0571a3c12620e1f20eae86f63be34859d97332266000440be3f41676,exact_observed_baseline_copy,0.06526011044500285,1,1,ABSTAIN
retail,Last week,directional_all,112000,10,2,2,W-FRI,True,0.038695166719170906,0.018465063322963125,2.0955880866679539,2.0955880866679539,False,0,28,True,exact_observed_baseline_copy,24000,20000,0,0,81801a5c0571a3c12620e1f20eae86f63be34859d97332266000440be3f41676,exact_observed_baseline_copy,0.01805937347185662,1,1,ABSTAIN
retail,Past price and calendar,complementary_all,112000,10,2,2,W-FRI,True,0.010072913102355072,0.0013123186072952194,7.6756612657623222,7.6756612657623222,False,0,28,False,none,0,0,0,0,81801a5c0571a3c12620e1f20eae86f63be34859d97332266000440be3f41676,no_guard,8.2283736497465952e-15,8.2283736497465952e-15,2.410064520189667e-13,RETAIN
retail,Past price and calendar,complementary_middle,68000,10,2,2,W-FRI,True,0.010137523209280191,0.0015807678364679121,6.4130373704538437,6.4130373704538437,False,0,17,False,none,0,0,0,0,81801a5c0571a3c12620e1f20eae86f63be34859d97332266000440be3f41676,no_guard,7.1324266929116134e-11,7.1324266929116134e-11,2.0890651357293893e-09,RETAIN
retail,Past price and calendar,directional_middle,68000,10,2,2,W-FRI,True,-0.0015812759315845598,0.0019394405115156213,-0.81532582319260449,-0.81532582319260449,False,0,17,False,none,0,0,0,0,81801a5c0571a3c12620e1f20eae86f63be34859d97332266000440be3f41676,no_guard,0.7925570844220351,0.7925570844220351,1,NOT_RETAINED
retail,Past price and calendar,directional_all,112000,10,2,2,W-FRI,True,-0.0019277870008615359,0.0015990117899564976,-1.2056114989083244,-1.2056114989083244,False,0,28,False,none,24000,20000,0,0,81801a5c0571a3c12620e1f20eae86f63be34859d97332266000440be3f41676,no_guard,0.88601633831960169,0.88601633831960169,1,NOT_RETAINED
retail,Past price calendar and history,complementary_all,112000,10,2,2,W-FRI,True,0.052490274829756919,0.011142883006162055,4.7106547561102099,4.7106547561102099,False,0,28,False,none,0,0,0,0,81801a5c0571a3c12620e1f20eae86f63be34859d97332266000440be3f41676,no_guard,1.2346110906100208e-06,1.2346110906100208e-06,9.0403417259846861e-06,RETAIN
retail,Past price calendar and history,complementary_middle,68000,10,2,2,W-FRI,True,0.040771838163616153,0.014567393974396908,2.7988422799077974,2.7988422799077974,False,0,17,False,none,0,0,0,0,81801a5c0571a3c12620e1f20eae86f63be34859d97332266000440be3f41676,no_guard,0.0025643090746613564,0.0025643090746613564,0.018776949682614553,RETAIN
retail,Past price calendar and history,directional_middle,68000,10,2,2,W-FRI,True,0.04305072803386769,0.0087137360016618284,4.940559138543712,4.940559138543712,False,0,17,False,none,0,0,0,0,81801a5c0571a3c12620e1f20eae86f63be34859d97332266000440be3f41676,no_guard,3.8949430429569759e-07,3.8949430429569759e-07,1.901360753972582e-06,RETAIN
retail,Past price calendar and history,directional_all,112000,10,2,2,W-FRI,True,0.053919182704715157,0.012469760216136666,4.323995150679826,4.323995150679826,False,0,28,False,none,24000,20000,0,0,81801a5c0571a3c12620e1f20eae86f63be34859d97332266000440be3f41676,no_guard,7.6614332766464115e-06,7.6614332766464115e-06,4.488018969438664e-05,RETAIN
retail,Ridge with history,complementary_all,112000,10,2,2,W-FRI,True,0.04378539869072634,0.011994271404345017,3.650525923139003,3.650525923139003,False,0,28,False,none,0,0,0,0,81801a5c0571a3c12620e1f20eae86f63be34859d97332266000440be3f41676,no_guard,0.00013085194660203046,0.00013085194660203046,0.00054751599652470904,RETAIN
retail,Ridge with history,complementary_middle,68000,10,2,2,W-FRI,True,0.035527816382729206,0.016122092703536123,2.2036727511768213,2.2036727511768213,False,0,17,False,none,0,0,0,0,81801a5c0571a3c12620e1f20eae86f63be34859d97332266000440be3f41676,no_guard,0.013773683409583862,0.013773683409583862,0.067237802411467248,NOT_RETAINED
retail,Ridge with history,directional_middle,68000,10,2,2,W-FRI,True,0.040592145438561628,0.010924679097194738,3.7156373269568133,3.7156373269568133,False,0,17,False,none,0,0,0,0,81801a5c0571a3c12620e1f20eae86f63be34859d97332266000440be3f41676,no_guard,0.00010134607088653124,0.00010134607088653124,0.00042405632041580898,RETAIN
retail,Ridge with history,directional_all,112000,10,2,2,W-FRI,True,0.051179546559778355,0.014067249153430878,3.6382057360017765,3.6382057360017765,False,0,28,False,none,24000,20000,0,0,81801a5c0571a3c12620e1f20eae86f63be34859d97332266000440be3f41676,no_guard,0.00013727203839140507,0.00013727203839140507,0.0006701090710098948,RETAIN
retail,Theta,complementary_all,112000,10,2,2,W-FRI,True,0.06015029139272824,0.0094545310496526088,6.3620597443527744,6.3620597443527744,False,0,28,False,none,0,0,0,0,81801a5c0571a3c12620e1f20eae86f63be34859d97332266000440be3f41676,no_guard,9.9532988368633787e-11,9.9532988368633787e-11,1.457644815771599e-09,RETAIN
retail,Theta,complementary_middle,68000,10,2,2,W-FRI,True,0.04796879854805091,0.011676664404873124,4.1080908797919786,4.1080908797919786,False,0,17,False,none,0,0,0,0,81801a5c0571a3c12620e1f20eae86f63be34859d97332266000440be3f41676,no_guard,1.9947156613412882e-05,1.9947156613412882e-05,0.00029212294238809618,RETAIN
retail,Theta,directional_middle,68000,10,2,2,W-FRI,True,0.055178701168980784,0.0051877739409509323,10.63629637625775,10.63629637625775,False,0,17,False,none,0,0,0,0,81801a5c0571a3c12620e1f20eae86f63be34859d97332266000440be3f41676,no_guard,1.0099988917181956e-26,1.0099988917181956e-26,1.4791273451928575e-25,RETAIN
retail,Theta,directional_all,112000,10,2,2,W-FRI,True,0.062709454839483397,0.0091994003672838526,6.8166893858103199,6.8166893858103199,False,0,28,False,none,24000,20000,0,0,81801a5c0571a3c12620e1f20eae86f63be34859d97332266000440be3f41676,no_guard,4.6581194687419877e-12,4.6581194687419877e-12,4.5478280157122495e-11,RETAIN
retail,Training series mean,complementary_all,112000,10,2,2,W-FRI,True,1.8130587039258942e-15,4.3173836274192276e-13,,0.0041994385034754807,True,0,28,True,undefined_rank_or_scale,0,0,0,0,81801a5c0571a3c12620e1f20eae86f63be34859d97332266000440be3f41676,undefined_rank_or_scale,,1,1,ABSTAIN
retail,Training series mean,complementary_middle,68000,10,2,2,W-FRI,True,5.9301281241487342e-13,4.6060334567721379e-13,,1.2874696156255254,True,0,17,True,undefined_rank_or_scale,0,0,0,0,81801a5c0571a3c12620e1f20eae86f63be34859d97332266000440be3f41676,undefined_rank_or_scale,,1,1,ABSTAIN
retail,Training series mean,directional_middle,68000,10,2,2,W-FRI,True,-2.0915077801061121e-17,1.0037417437370806e-16,,-0.2083711067270268,True,0,17,True,undefined_rank_or_scale,0,0,0,0,81801a5c0571a3c12620e1f20eae86f63be34859d97332266000440be3f41676,undefined_rank_or_scale,,1,1,ABSTAIN
retail,Training series mean,directional_all,112000,10,2,2,W-FRI,True,-0.014335351914806362,0.0081679743441339919,-1.7550681859207364,-1.7550681859207364,False,0,28,True,undefined_rank_or_scale,24000,20000,0,0,81801a5c0571a3c12620e1f20eae86f63be34859d97332266000440be3f41676,undefined_rank_or_scale,0.96037617734673919,1,1,ABSTAIN
portfolios,Elastic net,complementary_all,27272,10,2,12,M,True,0.016557052549486945,0.017484063652400628,0.94697965408136675,0.94697965408136675,False,0,132,False,none,0,0,0,0,aa8dd6c200532a87b899ff8e4c5d043573af8142b3b0e96db13bd1ea65a0e4d2,no_guard,0.17182457331152917,0.17182457331152917,1,NOT_RETAINED
portfolios,Elastic net,complementary_middle,16377,10,2,12,M,True,0.024813659235188721,0.023588600332600997,1.0519343617389036,1.0519343617389036,False,0,79,False,none,0,0,0,0,aa8dd6c200532a87b899ff8e4c5d043573af8142b3b0e96db13bd1ea65a0e4d2,no_guard,0.1464148327152392,0.1464148327152392,1,NOT_RETAINED
portfolios,Elastic net,directional_middle,16377,10,2,12,M,True,0.022154865574349453,0.024322402032702219,0.91088312513548431,0.91088312513548431,False,0,79,False,none,0,0,0,11,aa8dd6c200532a87b899ff8e4c5d043573af8142b3b0e96db13bd1ea65a0e4d2,no_guard,0.18117847893115874,0.18117847893115874,1,NOT_RETAINED
portfolios,Elastic net,directional_all,27272,10,2,12,M,True,0.0146786534910046,0.017857060930929494,0.82200836676209665,0.82200836676209665,False,0,132,False,none,5605,5290,0,22,aa8dd6c200532a87b899ff8e4c5d043573af8142b3b0e96db13bd1ea65a0e4d2,no_guard,0.20553606754207121,0.20553606754207121,1,NOT_RETAINED
portfolios,Exponential twelve-month mean,complementary_all,27272,10,2,12,M,True,0.019991519262850466,0.015484388905181425,1.2910757657449985,1.2910757657449985,False,0,132,False,none,0,0,0,0,aa8dd6c200532a87b899ff8e4c5d043573af8142b3b0e96db13bd1ea65a0e4d2,no_guard,0.098338703258946725,0.098338703258946725,1,NOT_RETAINED
portfolios,Exponential twelve-month mean,complementary_middle,16377,10,2,12,M,True,0.030191718462469326,0.017329668970322912,1.7421982216840204,1.7421982216840204,False,0,79,False,none,0,0,0,0,aa8dd6c200532a87b899ff8e4c5d043573af8142b3b0e96db13bd1ea65a0e4d2,no_guard,0.040736882531743908,0.040736882531743908,1,NOT_RETAINED
portfolios,Exponential twelve-month mean,directional_middle,16377,10,2,12,M,True,0.021038901305964731,0.018433326481505592,1.1413513088412635,1.1413513088412635,False,0,79,False,none,0,0,0,11,aa8dd6c200532a87b899ff8e4c5d043573af8142b3b0e96db13bd1ea65a0e4d2,no_guard,0.12686187919382053,0.12686187919382053,1,NOT_RETAINED
portfolios,Exponential twelve-month mean,directional_all,27272,10,2,12,M,True,0.014416983221844428,0.014952394189929762,0.96419229179726107,0.96419229179726107,False,0,132,False,none,5605,5290,0,22,aa8dd6c200532a87b899ff8e4c5d043573af8142b3b0e96db13bd1ea65a0e4d2,no_guard,0.16747476410480933,0.16747476410480933,1,NOT_RETAINED
portfolios,Last month,complementary_all,27272,10,2,12,M,True,0.026996210737415764,0.018566793093087928,1.4540050401846698,1.4540050401846698,False,0,132,False,none,0,0,0,0,aa8dd6c200532a87b899ff8e4c5d043573af8142b3b0e96db13bd1ea65a0e4d2,no_guard,0.072972454413337162,0.072972454413337162,1,NOT_RETAINED
portfolios,Last month,complementary_middle,16377,10,2,12,M,True,0.028589681956844235,0.020317645858219654,1.4071355587329557,1.4071355587329557,False,0,79,False,none,0,0,0,0,aa8dd6c200532a87b899ff8e4c5d043573af8142b3b0e96db13bd1ea65a0e4d2,no_guard,0.079693597868971233,0.079693597868971233,1,NOT_RETAINED
portfolios,Last month,directional_middle,16377,10,2,12,M,True,0.021020115793266077,0.024047643569384283,0.8741029337289149,0.8741029337289149,False,0,79,False,none,0,0,0,11,aa8dd6c200532a87b899ff8e4c5d043573af8142b3b0e96db13bd1ea65a0e4d2,no_guard,0.19103109998973278,0.19103109998973278,1,NOT_RETAINED
portfolios,Last month,directional_all,27272,10,2,12,M,True,0.021614380175114748,0.019398914065215336,1.1142056767946624,1.1142056767946624,False,0,132,False,none,5605,5290,0,22,aa8dd6c200532a87b899ff8e4c5d043573af8142b3b0e96db13bd1ea65a0e4d2,no_guard,0.13259548031055662,0.13259548031055662,1,NOT_RETAINED
portfolios,LightGBM,complementary_all,27272,10,2,12,M,True,-0.0038736416443502708,0.014394257303731856,-0.26911021267807894,-0.26911021267807894,False,0,132,False,none,0,0,0,0,aa8dd6c200532a87b899ff8e4c5d043573af8142b3b0e96db13bd1ea65a0e4d2,no_guard,0.6060775641670102,0.6060775641670102,1,NOT_RETAINED
portfolios,LightGBM,complementary_middle,16377,10,2,12,M,True,-0.0016536299730910236,0.01970504528285311,-0.08391911560487382,-0.08391911560487382,False,0,79,False,none,0,0,0,0,aa8dd6c200532a87b899ff8e4c5d043573af8142b3b0e96db13bd1ea65a0e4d2,no_guard,0.53343962944249301,0.53343962944249301,1,NOT_RETAINED
portfolios,LightGBM,directional_middle,16377,10,2,12,M,True,-0.0050721591447735704,0.021087946146468313,-0.24052409416945644,-0.24052409416945644,False,0,79,False,none,0,0,0,11,aa8dd6c200532a87b899ff8e4c5d043573af8142b3b0e96db13bd1ea65a0e4d2,no_guard,0.59503800652078664,0.59503800652078664,1,NOT_RETAINED
portfolios,LightGBM,directional_all,27272,10,2,12,M,True,-0.0075525631563382019,0.014712032674020442,-0.51335959643938645,-0.51335959643938645,False,0,132,False,none,5605,5290,0,22,aa8dd6c200532a87b899ff8e4c5d043573af8142b3b0e96db13bd1ea65a0e4d2,no_guard,0.69615009862029209,0.69615009862029209,1,NOT_RETAINED
portfolios,Ridge,complementary_all,27272,10,2,12,M,True,0.01643100499365837,0.017434906681596012,0.94242001369601003,0.94242001369601003,False,0,132,False,none,0,0,0,0,aa8dd6c200532a87b899ff8e4c5d043573af8142b3b0e96db13bd1ea65a0e4d2,no_guard,0.17298882231054957,0.17298882231054957,1,NOT_RETAINED
portfolios,Ridge,complementary_middle,16377,10,2,12,M,True,0.026442619985652675,0.022854082939467855,1.1570195161927761,1.1570195161927761,False,0,79,False,none,0,0,0,0,aa8dd6c200532a87b899ff8e4c5d043573af8142b3b0e96db13bd1ea65a0e4d2,no_guard,0.12363219344872012,0.12363219344872012,1,NOT_RETAINED
portfolios,Ridge,directional_middle,16377,10,2,12,M,True,0.023585814521635537,0.023375841170825667,1.0089824939036602,1.0089824939036602,False,0,79,False,none,0,0,0,11,aa8dd6c200532a87b899ff8e4c5d043573af8142b3b0e96db13bd1ea65a0e4d2,no_guard,0.1564915149703206,0.1564915149703206,1,NOT_RETAINED
portfolios,Ridge,directional_all,27272,10,2,12,M,True,0.014570403919041372,0.017619644201935885,0.82694087077198242,0.82694087077198242,False,0,132,False,none,5605,5290,0,22,aa8dd6c200532a87b899ff8e4c5d043573af8142b3b0e96db13bd1ea65a0e4d2,no_guard,0.20413528825479571,0.20413528825479571,1,NOT_RETAINED
portfolios,Seasonal twelve-month lag,complementary_all,27272,10,2,12,M,True,-0.025147455157849285,0.02285291551835247,-1.1004046786789257,-1.1004046786789257,False,0,132,False,none,0,0,0,0,aa8dd6c200532a87b899ff8e4c5d043573af8142b3b0e96db13bd1ea65a0e4d2,no_guard,0.86442207956323669,0.86442207956323669,1,NOT_RETAINED
portfolios,Seasonal twelve-month lag,complementary_middle,16377,10,2,12,M,True,-0.036036871289717796,0.027717113813013877,-1.3001668042650814,-1.3001668042650814,False,0,79,False,none,0,0,0,0,aa8dd6c200532a87b899ff8e4c5d043573af8142b3b0e96db13bd1ea65a0e4d2,no_guard,0.9032280973272695,0.9032280973272695,1,NOT_RETAINED
portfolios,Seasonal twelve-month lag,directional_middle,16377,10,2,12,M,True,-0.031913459307987752,0.028713282879485703,-1.1114528227905429,-1.1114528227905429,False,0,79,False,none,0,0,0,11,aa8dd6c200532a87b899ff8e4c5d043573af8142b3b0e96db13bd1ea65a0e4d2,no_guard,0.86681325691544164,0.86681325691544164,1,NOT_RETAINED
portfolios,Seasonal twelve-month lag,directional_all,27272,10,2,12,M,True,-0.024289503324279739,0.023451718636254115,-1.03572380775243,-1.03572380775243,False,0,132,False,none,5605,5290,0,22,aa8dd6c200532a87b899ff8e4c5d043573af8142b3b0e96db13bd1ea65a0e4d2,no_guard,0.84983449395218358,0.84983449395218358,1,NOT_RETAINED
portfolios,Small MLP,complementary_all,27272,10,2,12,M,True,-0.009038984597523031,0.0079477504358549181,-1.1373010099493306,-1.1373010099493306,False,0,132,False,none,0,0,0,0,aa8dd6c200532a87b899ff8e4c5d043573af8142b3b0e96db13bd1ea65a0e4d2,no_guard,0.87229376364684752,0.87229376364684752,1,NOT_RETAINED
portfolios,Small MLP,complementary_middle,16377,10,2,12,M,True,0.0047410272309739744,0.011819371247727011,0.4011234719347464,0.4011234719347464,False,0,79,False,none,0,0,0,0,aa8dd6c200532a87b899ff8e4c5d043573af8142b3b0e96db13bd1ea65a0e4d2,no_guard,0.34416461026104078,0.34416461026104078,1,NOT_RETAINED
portfolios,Small MLP,directional_middle,16377,10,2,12,M,True,0.0029525674356414935,0.0094146098107851864,0.31361548646010712,0.31361548646010712,False,0,79,False,none,0,0,0,11,aa8dd6c200532a87b899ff8e4c5d043573af8142b3b0e96db13bd1ea65a0e4d2,no_guard,0.37690654802955098,0.37690654802955098,1,NOT_RETAINED
portfolios,Small MLP,directional_all,27272,10,2,12,M,True,-0.010989716891805399,0.0082844282468968831,-1.3265510381989054,-1.3265510381989054,False,0,132,False,none,5605,5290,0,22,aa8dd6c200532a87b899ff8e4c5d043573af8142b3b0e96db13bd1ea65a0e4d2,no_guard,0.90767137934278708,0.90767137934278708,1,NOT_RETAINED
portfolios,Trailing three-month return,complementary_all,27272,10,2,12,M,True,-0.0046208150310993916,0.02269923140559528,-0.2035670260606435,-0.2035670260606435,False,0,132,False,none,0,0,0,0,aa8dd6c200532a87b899ff8e4c5d043573af8142b3b0e96db13bd1ea65a0e4d2,no_guard,0.58065406853125456,0.58065406853125456,1,NOT_RETAINED
portfolios,Trailing three-month return,complementary_middle,16377,10,2,12,M,True,0.0060747124904570156,0.023416797873680111,0.25941687344386394,0.25941687344386394,False,0,79,False,none,0,0,0,0,aa8dd6c200532a87b899ff8e4c5d043573af8142b3b0e96db13bd1ea65a0e4d2,no_guard,0.39765680605022868,0.39765680605022868,1,NOT_RETAINED
portfolios,Trailing three-month return,directional_middle,16377,10,2,12,M,True,-0.0073143053815542926,0.02789035784233378,-0.26225211676747184,-0.26225211676747184,False,0,79,False,none,0,0,0,11,aa8dd6c200532a87b899ff8e4c5d043573af8142b3b0e96db13bd1ea65a0e4d2,no_guard,0.60343646219445291,0.60343646219445291,1,NOT_RETAINED
portfolios,Trailing three-month return,directional_all,27272,10,2,12,M,True,-0.013171756165294264,0.02273803635495732,-0.57928292310178198,-0.57928292310178198,False,0,132,False,none,5605,5290,0,22,aa8dd6c200532a87b899ff8e4c5d043573af8142b3b0e96db13bd1ea65a0e4d2,no_guard,0.71880085688740603,0.71880085688740603,1,NOT_RETAINED
portfolios,Trailing twelve-month return,complementary_all,27272,10,2,12,M,True,0.00017568939318863742,0.00020433535585394604,0.85980907442281274,0.85980907442281274,False,0,132,True,exact_observed_baseline_copy,0,0,0,0,aa8dd6c200532a87b899ff8e4c5d043573af8142b3b0e96db13bd1ea65a0e4d2,exact_observed_baseline_copy,0.19494714814485409,1,1,ABSTAIN
portfolios,Trailing twelve-month return,complementary_middle,16377,10,2,12,M,True,-9.124134942961643e-05,0.00020582632189173955,-0.44329291118367031,-0.44329291118367031,False,0,79,True,exact_observed_baseline_copy,0,0,0,0,aa8dd6c200532a87b899ff8e4c5d043573af8142b3b0e96db13bd1ea65a0e4d2,exact_observed_baseline_copy,0.67122305872874044,1,1,ABSTAIN
portfolios,Trailing twelve-month return,directional_middle,16377,10,2,12,M,True,-8.7190411877579349e-05,0.00020099744291585928,-0.43378866224720403,-0.43378866224720403,False,0,79,True,exact_observed_baseline_copy,0,0,0,11,aa8dd6c200532a87b899ff8e4c5d043573af8142b3b0e96db13bd1ea65a0e4d2,exact_observed_baseline_copy,0.66777904225062201,1,1,ABSTAIN
portfolios,Trailing twelve-month return,directional_all,27272,10,2,12,M,True,0.00016584869541653126,0.0002092987865361094,0.79240160997263176,0.79240160997263176,False,0,132,True,exact_observed_baseline_copy,5605,5290,0,22,aa8dd6c200532a87b899ff8e4c5d043573af8142b3b0e96db13bd1ea65a0e4d2,exact_observed_baseline_copy,0.21406327048596219,1,1,ABSTAIN
portfolios,Training portfolio mean,complementary_all,27272,10,2,12,M,True,-0.01548277303336683,0.0073333780542954134,-2.1112743566108709,-2.1112743566108709,False,0,132,False,none,0,0,0,0,aa8dd6c200532a87b899ff8e4c5d043573af8142b3b0e96db13bd1ea65a0e4d2,no_guard,0.98262563157473293,0.98262563157473293,1,NOT_RETAINED
portfolios,Training portfolio mean,complementary_middle,16377,10,2,12,M,True,-0.02250986583226176,0.0089484758444730202,-2.5154971889614992,-2.5154971889614992,False,0,79,False,none,0,0,0,0,aa8dd6c200532a87b899ff8e4c5d043573af8142b3b0e96db13bd1ea65a0e4d2,no_guard,0.99405676874186799,0.99405676874186799,1,NOT_RETAINED
portfolios,Training portfolio mean,directional_middle,16377,10,2,12,M,True,-0.013739837200695449,0.010104499198039336,-1.3597741888446593,-1.3597741888446593,False,0,79,False,none,0,0,0,11,aa8dd6c200532a87b899ff8e4c5d043573af8142b3b0e96db13bd1ea65a0e4d2,no_guard,0.91304930364370729,0.91304930364370729,1,NOT_RETAINED
portfolios,Training portfolio mean,directional_all,27272,10,2,12,M,True,-0.003660063448871089,0.0083477178778420934,-0.43845078408629984,-0.43845078408629984,False,0,132,False,none,5605,5290,0,22,aa8dd6c200532a87b899ff8e4c5d043573af8142b3b0e96db13bd1ea65a0e4d2,no_guard,0.66947023018495222,0.66947023018495222,1,NOT_RETAINED
