design,signal,training_rows,validation_pairs,groups,peers,replications,rejections,rate,wilson_low,wilson_high,normal_rejections,budget_failures,coverage_failures,mean_bias_budget,mean_sampling_radius,mean_lower_bound,mean_p,target,total_observations
eight_balanced,0.0,32,512,100,64,1000,0,0.0,2.168404344971009e-19,0.0038267584855551234,458,0,0,0.2815877066714289,0.026247331388567254,-0.3070446538600863,1.0,0.0,7456
eight_balanced,0.0,32,512,400,64,1000,0,0.0,2.168404344971009e-19,0.0038267584855551234,491,0,0,0.2815877066714289,0.013123665694283627,-0.2939371673317069,1.0,0.0,26656
eight_balanced,0.0,32,8192,100,64,1000,0,0.0,2.168404344971009e-19,0.0038267584855551234,458,0,0,0.08112552889229645,0.026247331388567254,-0.10658247608095375,1.0,0.0,22816
eight_balanced,0.0,32,8192,400,64,1000,0,0.0,2.168404344971009e-19,0.0038267584855551234,491,0,0,0.08112552889229645,0.013123665694283627,-0.09347498955257438,1.0,0.0,42016
eight_balanced,0.0,512,512,100,64,1000,0,0.0,2.168404344971009e-19,0.0038267584855551234,83,0,0,0.15972308101090255,0.019097506710654775,-0.1787633129278553,1.0,0.0,7936
eight_balanced,0.0,512,512,400,64,1000,0,0.0,2.168404344971009e-19,0.0038267584855551234,142,0,0,0.15972308101090255,0.009548753355327387,-0.16923968202437395,1.0,0.0,27136
eight_balanced,0.0,512,8192,100,64,1000,0,0.0,2.168404344971009e-19,0.0038267584855551234,83,0,0,0.014779898542573715,0.019097506710654775,-0.03382013045952648,1.0,0.0,23296
eight_balanced,0.0,512,8192,400,64,1000,0,0.0,2.168404344971009e-19,0.0038267584855551234,142,0,0,0.014779898542573715,0.009548753355327387,-0.02429649955604511,1.0,0.0,42496
eight_balanced,0.0,8192,512,100,64,1000,0,0.0,2.168404344971009e-19,0.0038267584855551234,60,0,0,0.15263345547624171,0.018201914191382822,-0.17080145209497347,1.0,0.0,15616
eight_balanced,0.0,8192,512,400,64,1000,0,0.0,2.168404344971009e-19,0.0038267584855551234,59,0,0,0.15263345547624171,0.009100957095691411,-0.16172487021090945,1.0,0.0,34816
eight_balanced,0.0,8192,8192,100,64,1000,0,0.0,2.168404344971009e-19,0.0038267584855551234,60,0,0,0.009492879962849142,0.018201914191382822,-0.027660876581580878,1.0,0.0,30976
eight_balanced,0.0,8192,8192,400,64,1000,0,0.0,2.168404344971009e-19,0.0038267584855551234,59,0,0,0.009492879962849142,0.009100957095691411,-0.018584294697516872,1.0,0.0,50176
eight_balanced,0.25,32,512,100,64,1000,0,0.0,2.168404344971009e-19,0.0038267584855551234,982,0,0,0.2858597347593763,0.025847523810295103,-0.2941366971057837,1.0,0.013214285714285713,7456
eight_balanced,0.25,32,512,400,64,1000,0,0.0,2.168404344971009e-19,0.0038267584855551234,986,0,0,0.2858597347593763,0.012923761905147551,-0.2811933050413195,1.0,0.013214285714285713,26656
eight_balanced,0.25,32,8192,100,64,1000,0,0.0,2.168404344971009e-19,0.0038267584855551234,982,0,0,0.08245122346843342,0.025847523810295103,-0.09072818581484074,1.0,0.013214285714285713,22816
eight_balanced,0.25,32,8192,400,64,1000,0,0.0,2.168404344971009e-19,0.0038267584855551234,986,0,0,0.08245122346843342,0.012923761905147551,-0.07778479375037661,1.0,0.013214285714285713,42016
eight_balanced,0.25,512,512,100,64,1000,0,0.0,2.168404344971009e-19,0.0038267584855551234,1000,0,0,0.161020211740629,0.01906557666011761,-0.16669712381863236,1.0,0.013214285714285713,7936
eight_balanced,0.25,512,512,400,64,1000,0,0.0,2.168404344971009e-19,0.0038267584855551234,1000,0,0,0.161020211740629,0.009532788330058805,-0.15714330744843646,1.0,0.013214285714285713,27136
eight_balanced,0.25,512,8192,100,64,1000,0,0.0,2.168404344971009e-19,0.0038267584855551234,1000,0,0,0.014993274038950094,0.01906557666011761,-0.020670186116953402,0.9938461514073201,0.013214285714285713,23296
eight_balanced,0.25,512,8192,400,64,1000,0,0.0,2.168404344971009e-19,0.0038267584855551234,1000,0,0,0.014993274038950094,0.009532788330058805,-0.011116369746757537,0.9782782761750266,0.013214285714285713,42496
eight_balanced,0.25,8192,512,100,64,1000,0,0.0,2.168404344971009e-19,0.0038267584855551234,1000,0,0,0.15382292214267443,0.018189494035184352,-0.15880474354790988,1.0,0.013214285714285713,15616
eight_balanced,0.25,8192,512,400,64,1000,0,0.0,2.168404344971009e-19,0.0038267584855551234,1000,0,0,0.15382292214267443,0.009094747017592176,-0.1496902842135156,1.0,0.013214285714285713,34816
eight_balanced,0.25,8192,8192,100,64,1000,0,0.0,2.168404344971009e-19,0.0038267584855551234,1000,0,0,0.009579364378244599,0.018189494035184352,-0.014561185783480046,0.8781385426753503,0.013214285714285713,30976
eight_balanced,0.25,8192,8192,400,64,1000,0,0.0,2.168404344971009e-19,0.0038267584855551234,1000,0,0,0.009579364378244599,0.009094747017592176,-0.005446726449085805,0.6130013955330551,0.013214285714285713,50176
eight_balanced,0.5,32,512,100,64,1000,0,0.0,2.168404344971009e-19,0.0038267584855551234,1000,0,0,0.2952542000092792,0.025372540059824714,-0.286294570588361,1.0,0.026428571428571426,7456
eight_balanced,0.5,32,512,400,64,1000,0,0.0,2.168404344971009e-19,0.0038267584855551234,1000,0,0,0.2952542000092792,0.012686270029912357,-0.27357124069790223,1.0,0.026428571428571426,26656
eight_balanced,0.5,32,8192,100,64,1000,0,0.0,2.168404344971009e-19,0.0038267584855551234,1000,0,0,0.0872444017331614,0.025372540059824714,-0.07828477231224319,0.9994450818330131,0.026428571428571426,22816
eight_balanced,0.5,32,8192,400,64,1000,0,0.0,2.168404344971009e-19,0.0038267584855551234,1000,0,0,0.0872444017331614,0.012686270029912357,-0.06556144242178445,0.9986891436337401,0.026428571428571426,42016
eight_balanced,0.5,512,512,100,64,1000,0,0.0,2.168404344971009e-19,0.0038267584855551234,1000,0,0,0.1634526150508995,0.018940657524842395,-0.15558570550012144,1.0,0.026428571428571426,7936
eight_balanced,0.5,512,512,400,64,1000,0,0.0,2.168404344971009e-19,0.0038267584855551234,1000,0,0,0.1634526150508995,0.009470328762421197,-0.1460795025840784,1.0,0.026428571428571426,27136
eight_balanced,0.5,512,8192,100,64,1000,0,0.0,2.168404344971009e-19,0.0038267584855551234,1000,0,0,0.015739675992332308,0.018940657524842395,-0.007872766441554241,0.37857556326228065,0.026428571428571426,23296
eight_balanced,0.5,512,8192,400,64,1000,739,0.739,0.7109019937060769,0.7652688157378277,1000,0,0,0.015739675992332308,0.009470328762421197,0.0016334364744888092,0.08424594798718331,0.026428571428571426,42496
eight_balanced,0.5,8192,512,100,64,1000,0,0.0,2.168404344971009e-19,0.0038267584855551234,1000,0,0,0.1548960912788479,0.018167756383650688,-0.1466415080544444,1.0,0.026428571428571426,15616
eight_balanced,0.5,8192,512,400,64,1000,0,0.0,2.168404344971009e-19,0.0038267584855551234,1000,0,0,0.1548960912788479,0.009083878191825344,-0.13751788490245176,1.0,0.026428571428571426,34816
eight_balanced,0.5,8192,8192,100,64,1000,105,0.105,0.08748778261441682,0.1255353565891717,1000,0,0,0.009757840561546412,0.018167756383650688,-0.0015032573371428972,0.08543454099109647,0.026428571428571426,30976
eight_balanced,0.5,8192,8192,400,64,1000,1000,1.0,0.996173241514445,1.0,1000,0,0,0.009757840561546412,0.009083878191825344,0.007620365814849722,0.00023834525292117377,0.026428571428571426,50176
eight_rare,0.0,32,512,100,64,1000,0,0.0,2.168404344971009e-19,0.0038267584855551234,462,0,0,0.3119001746110911,0.02500090942037984,-0.33606211107451134,1.0,0.0,7456
eight_rare,0.0,32,512,400,64,1000,0,0.0,2.168404344971009e-19,0.0038267584855551234,503,0,0,0.3119001746110911,0.01250045471018992,-0.32354138070114735,1.0,0.0,26656
eight_rare,0.0,32,8192,100,64,1000,0,0.0,2.168404344971009e-19,0.0038267584855551234,462,0,0,0.2534135734044292,0.02500090942037984,-0.27757550986784946,1.0,0.0,22816
eight_rare,0.0,32,8192,400,64,1000,0,0.0,2.168404344971009e-19,0.0038267584855551234,503,0,0,0.2534135734044292,0.01250045471018992,-0.2650547794944855,1.0,0.0,42016
eight_rare,0.0,512,512,100,64,1000,0,0.0,2.168404344971009e-19,0.0038267584855551234,65,0,0,0.47929137595770255,0.021571350726736525,-0.5009101459306493,1.0,0.0,7936
eight_rare,0.0,512,512,400,64,1000,0,0.0,2.168404344971009e-19,0.0038267584855551234,99,0,0,0.47929137595770255,0.010785675363368262,-0.4900912921085195,1.0,0.0,27136
eight_rare,0.0,512,8192,100,64,1000,0,0.0,2.168404344971009e-19,0.0038267584855551234,65,0,0,0.24225093325767505,0.021571350726736525,-0.2638697032306219,1.0,0.0,23296
eight_rare,0.0,512,8192,400,64,1000,0,0.0,2.168404344971009e-19,0.0038267584855551234,99,0,0,0.24225093325767505,0.010785675363368262,-0.25305084940849204,1.0,0.0,42496
eight_rare,0.0,8192,512,100,64,1000,0,0.0,2.168404344971009e-19,0.0038267584855551234,43,0,0,0.4497331329450881,0.018894842678830376,-0.4686941051307524,1.0,0.0,15616
eight_rare,0.0,8192,512,400,64,1000,0,0.0,2.168404344971009e-19,0.0038267584855551234,48,0,0,0.4497331329450881,0.009447421339415188,-0.45921265444966386,1.0,0.0,34816
eight_rare,0.0,8192,8192,100,64,1000,0,0.0,2.168404344971009e-19,0.0038267584855551234,43,0,0,0.1673978551275465,0.018894842678830376,-0.18635882731321085,1.0,0.0,30976
eight_rare,0.0,8192,8192,400,64,1000,0,0.0,2.168404344971009e-19,0.0038267584855551234,48,0,0,0.1673978551275465,0.009447421339415188,-0.1768773766321223,1.0,0.0,50176
eight_rare,0.25,32,512,100,64,1000,0,0.0,2.168404344971009e-19,0.0038267584855551234,978,0,0,0.31811975759072025,0.02472847473600534,-0.325081870031438,1.0,0.013655102040816327,7456
eight_rare,0.25,32,512,400,64,1000,0,0.0,2.168404344971009e-19,0.0038267584855551234,984,0,0,0.31811975759072025,0.01236423736800267,-0.31271162348628295,1.0,0.013655102040816327,26656
eight_rare,0.25,32,8192,100,64,1000,0,0.0,2.168404344971009e-19,0.0038267584855551234,978,0,0,0.2566182126546289,0.02472847473600534,-0.2635803250953467,1.0,0.013655102040816327,22816
eight_rare,0.25,32,8192,400,64,1000,0,0.0,2.168404344971009e-19,0.0038267584855551234,984,0,0,0.2566182126546289,0.01236423736800267,-0.25121007855019156,1.0,0.013655102040816327,42016
eight_rare,0.25,512,512,100,64,1000,0,0.0,2.168404344971009e-19,0.0038267584855551234,1000,0,0,0.483456388156155,0.02152774537085849,-0.4911281667202763,1.0,0.013655102040816327,7936
eight_rare,0.25,512,512,400,64,1000,0,0.0,2.168404344971009e-19,0.0038267584855551234,1000,0,0,0.483456388156155,0.010763872685429245,-0.480349562025669,1.0,0.013655102040816327,27136
eight_rare,0.25,512,8192,100,64,1000,0,0.0,2.168404344971009e-19,0.0038267584855551234,1000,0,0,0.24116104896557272,0.02152774537085849,-0.248832827529694,1.0,0.013655102040816327,23296
eight_rare,0.25,512,8192,400,64,1000,0,0.0,2.168404344971009e-19,0.0038267584855551234,1000,0,0,0.24116104896557272,0.010763872685429245,-0.23805422283508673,1.0,0.013655102040816327,42496
eight_rare,0.25,8192,512,100,64,1000,0,0.0,2.168404344971009e-19,0.0038267584855551234,1000,0,0,0.4516109389117473,0.01891757155969253,-0.45687665217853896,1.0,0.013655102040816327,15616
eight_rare,0.25,8192,512,400,64,1000,0,0.0,2.168404344971009e-19,0.0038267584855551234,1000,0,0,0.4516109389117473,0.009458785779846265,-0.44740569187168844,1.0,0.013655102040816327,34816
eight_rare,0.25,8192,8192,100,64,1000,0,0.0,2.168404344971009e-19,0.0038267584855551234,1000,0,0,0.16956548206139854,0.01891757155969253,-0.17483119532819022,1.0,0.013655102040816327,30976
eight_rare,0.25,8192,8192,400,64,1000,0,0.0,2.168404344971009e-19,0.0038267584855551234,1000,0,0,0.16956548206139854,0.009458785779846265,-0.16536023502133967,1.0,0.013655102040816327,50176
eight_rare,0.5,32,512,100,64,1000,0,0.0,2.168404344971009e-19,0.0038267584855551234,1000,0,0,0.3259651450124134,0.024407850450257576,-0.31550893043801875,1.0,0.027310204081632653,7456
eight_rare,0.5,32,512,400,64,1000,0,0.0,2.168404344971009e-19,0.0038267584855551234,1000,0,0,0.3259651450124134,0.012203925225128788,-0.30327667199583414,1.0,0.027310204081632653,26656
eight_rare,0.5,32,8192,100,64,1000,0,0.0,2.168404344971009e-19,0.0038267584855551234,1000,0,0,0.253806115582558,0.024407850450257576,-0.24334990100816334,1.0,0.027310204081632653,22816
eight_rare,0.5,32,8192,400,64,1000,0,0.0,2.168404344971009e-19,0.0038267584855551234,1000,0,0,0.253806115582558,0.012203925225128788,-0.23111764256597866,1.0,0.027310204081632653,42016
eight_rare,0.5,512,512,100,64,1000,0,0.0,2.168404344971009e-19,0.0038267584855551234,1000,0,0,0.47390368648795195,0.021166251249874132,-0.4673543928088097,1.0,0.027310204081632653,7936
eight_rare,0.5,512,512,400,64,1000,0,0.0,2.168404344971009e-19,0.0038267584855551234,1000,0,0,0.47390368648795195,0.010583125624937066,-0.45676657392567177,1.0,0.027310204081632653,27136
eight_rare,0.5,512,8192,100,64,1000,0,0.0,2.168404344971009e-19,0.0038267584855551234,1000,0,0,0.2409294178415588,0.021166251249874132,-0.23438012416241652,1.0,0.027310204081632653,23296
eight_rare,0.5,512,8192,400,64,1000,0,0.0,2.168404344971009e-19,0.0038267584855551234,1000,0,0,0.2409294178415588,0.010583125624937066,-0.2237923052792786,1.0,0.027310204081632653,42496
eight_rare,0.5,8192,512,100,64,1000,0,0.0,2.168404344971009e-19,0.0038267584855551234,1000,0,0,0.44828792479039586,0.0188145469363947,-0.43977535189221384,1.0,0.027310204081632653,15616
eight_rare,0.5,8192,512,400,64,1000,0,0.0,2.168404344971009e-19,0.0038267584855551234,1000,0,0,0.44828792479039586,0.00940727346819735,-0.43036602338571983,1.0,0.027310204081632653,34816
eight_rare,0.5,8192,8192,100,64,1000,0,0.0,2.168404344971009e-19,0.0038267584855551234,1000,0,0,0.1664228256602122,0.0188145469363947,-0.15791025276203022,1.0,0.027310204081632653,30976
eight_rare,0.5,8192,8192,400,64,1000,0,0.0,2.168404344971009e-19,0.0038267584855551234,1000,0,0,0.1664228256602122,0.00940727346819735,-0.14850092425553613,1.0,0.027310204081632653,50176
two_balanced,0.0,32,512,100,64,1000,0,0.0,2.168404344971009e-19,0.0038267584855551234,420,0,0,0.04030272844316045,0.01892686665156929,-0.05845655812042935,1.0,0.0,7456
two_balanced,0.0,32,512,400,64,1000,0,0.0,2.168404344971009e-19,0.0038267584855551234,536,0,0,0.04030272844316045,0.009463433325784644,-0.04899608145976509,1.0,0.0,26656
two_balanced,0.0,32,8192,100,64,1000,0,0.0,2.168404344971009e-19,0.0038267584855551234,420,0,0,0.0072940165066839304,0.01892686665156929,-0.025447846183952835,1.0,0.0,22816
two_balanced,0.0,32,8192,400,64,1000,0,0.0,2.168404344971009e-19,0.0038267584855551234,536,0,0,0.0072940165066839304,0.009463433325784644,-0.015987369523288577,1.0,0.0,42016
two_balanced,0.0,512,512,100,64,1000,0,0.0,2.168404344971009e-19,0.0038267584855551234,52,0,0,0.029791155562665646,0.017719494211028832,-0.047479296496578914,1.0,0.0,7936
two_balanced,0.0,512,512,400,64,1000,0,0.0,2.168404344971009e-19,0.0038267584855551234,60,0,0,0.029791155562665646,0.008859747105514416,-0.038620321193767834,1.0,0.0,27136
two_balanced,0.0,512,8192,100,64,1000,0,0.0,2.168404344971009e-19,0.0038267584855551234,52,0,0,0.002409189504719061,0.017719494211028832,-0.02009733043863233,1.0,0.0,23296
two_balanced,0.0,512,8192,400,64,1000,0,0.0,2.168404344971009e-19,0.0038267584855551234,60,0,0,0.002409189504719061,0.008859747105514416,-0.011238355135821245,1.0,0.0,42496
two_balanced,0.0,8192,512,100,64,1000,0,0.0,2.168404344971009e-19,0.0038267584855551234,48,0,0,0.028974114661011668,0.0174554931336806,-0.04643901368488793,1.0,0.0,15616
two_balanced,0.0,8192,512,400,64,1000,0,0.0,2.168404344971009e-19,0.0038267584855551234,42,0,0,0.028974114661011668,0.0087277465668403,-0.03771020998750072,1.0,0.0,34816
two_balanced,0.0,8192,8192,100,64,1000,0,0.0,2.168404344971009e-19,0.0038267584855551234,48,0,0,0.0018589569419452507,0.0174554931336806,-0.01932385596582151,1.0,0.0,30976
two_balanced,0.0,8192,8192,400,64,1000,0,0.0,2.168404344971009e-19,0.0038267584855551234,42,0,0,0.0018589569419452507,0.0087277465668403,-0.010595052268434291,1.0,0.0,50176
two_balanced,0.25,32,512,100,64,1000,0,0.0,2.168404344971009e-19,0.0038267584855551234,1000,0,0,0.04096770527448352,0.018836053359827097,-0.0487446620363159,1.0,0.01,7456
two_balanced,0.25,32,512,400,64,1000,0,0.0,2.168404344971009e-19,0.0038267584855551234,1000,0,0,0.04096770527448352,0.009418026679913549,-0.03932075432271235,1.0,0.01,26656
two_balanced,0.25,32,8192,100,64,1000,0,0.0,2.168404344971009e-19,0.0038267584855551234,1000,0,0,0.0075258705645777175,0.018836053359827097,-0.015302827326410093,0.8364119002600894,0.01,22816
two_balanced,0.25,32,8192,400,64,1000,1,0.001,0.00017654637062607809,0.0056425585979579355,1000,0,0,0.0075258705645777175,0.009418026679913549,-0.005878919612806545,0.5629852110759108,0.01,42016
two_balanced,0.25,512,512,100,64,1000,0,0.0,2.168404344971009e-19,0.0038267584855551234,1000,0,0,0.030005604004977374,0.017715395981127608,-0.03767390409079658,1.0,0.01,7936
two_balanced,0.25,512,512,400,64,1000,0,0.0,2.168404344971009e-19,0.0038267584855551234,1000,0,0,0.030005604004977374,0.008857697990563804,-0.02880542121458523,1.0,0.01,27136
two_balanced,0.25,512,8192,100,64,1000,0,0.0,2.168404344971009e-19,0.0038267584855551234,1000,0,0,0.002479284743753162,0.017715395981127608,-0.01014758482957237,0.5786222654078699,0.01,23296
two_balanced,0.25,512,8192,400,64,1000,12,0.012,0.006877647806403522,0.02085726847549828,1000,0,0,0.002479284743753162,0.008857697990563804,-0.0012791019533610183,0.11771956319300454,0.01,42496
two_balanced,0.25,8192,512,100,64,1000,0,0.0,2.168404344971009e-19,0.0038267584855551234,1000,0,0,0.02906003602430306,0.017446708118924972,-0.03651645379663505,1.0,0.01,15616
two_balanced,0.25,8192,512,400,64,1000,0,0.0,2.168404344971009e-19,0.0038267584855551234,1000,0,0,0.02906003602430306,0.008723354059462486,-0.02778158075900108,1.0,0.01,34816
two_balanced,0.25,8192,8192,100,64,1000,0,0.0,2.168404344971009e-19,0.0038267584855551234,1000,0,0,0.0018580023945701124,0.017446708118924972,-0.0093144201669021,0.5220640291819661,0.01,30976
two_balanced,0.25,8192,8192,400,64,1000,65,0.065,0.051323770569062045,0.0820055093133709,1000,0,0,0.0018580023945701124,0.008723354059462486,-0.0005795471292681322,0.07523741770267425,0.01,50176
two_balanced,0.5,32,512,100,64,1000,0,0.0,2.168404344971009e-19,0.0038267584855551234,1000,0,0,0.04082291272329474,0.018715389826940307,-0.03815323280854301,1.0,0.02,7456
two_balanced,0.5,32,512,400,64,1000,0,0.0,2.168404344971009e-19,0.0038267584855551234,1000,0,0,0.04082291272329474,0.009357694913470153,-0.028798858366131257,1.0,0.02,26656
two_balanced,0.5,32,8192,100,64,1000,40,0.04,0.02951097368545276,0.05400964412125796,1000,0,0,0.0075292821050934825,0.018715389826940307,-0.004859602190341746,0.22293810045210616,0.02,22816
two_balanced,0.5,32,8192,400,64,1000,908,0.908,0.8884912646437558,0.9243861004320312,1000,0,0,0.0075292821050934825,0.009357694913470153,0.00449477225207,0.03394138438893766,0.02,42016
two_balanced,0.5,512,512,100,64,1000,0,0.0,2.168404344971009e-19,0.0038267584855551234,1000,0,0,0.030190339642344015,0.017689863105725748,-0.02779045106921906,1.0,0.02,7936
two_balanced,0.5,512,512,400,64,1000,0,0.0,2.168404344971009e-19,0.0038267584855551234,1000,0,0,0.030190339642344015,0.008844931552862874,-0.018945486273826254,1.0,0.02,27136
two_balanced,0.5,512,8192,100,64,1000,478,0.478,0.44718362950053253,0.5089847478728319,1000,0,0,0.002514338602511934,0.017689863105725748,-0.00011445002938697856,0.05424373340375689,0.02,23296
two_balanced,0.5,512,8192,400,64,1000,1000,1.0,0.996173241514445,1.0,1000,0,0,0.002514338602511934,0.008844931552862874,0.008730514766005826,0.00011354473568051165,0.02,42496
two_balanced,0.5,8192,512,100,64,1000,0,0.0,2.168404344971009e-19,0.0038267584855551234,1000,0,0,0.029233366861308008,0.01744579667836154,-0.026667684239311425,1.0,0.02,15616
two_balanced,0.5,8192,512,400,64,1000,0,0.0,2.168404344971009e-19,0.0038267584855551234,1000,0,0,0.029233366861308008,0.00872289833918077,-0.017944963671972743,1.0,0.02,34816
two_balanced,0.5,8192,8192,100,64,1000,828,0.828,0.8033660485432,0.8501235978902758,1000,0,0,0.0018692198919670765,0.01744579667836154,0.0006964627300295007,0.040316968280525375,0.02,30976
two_balanced,0.5,8192,8192,400,64,1000,1000,1.0,0.996173241514445,1.0,1000,0,0,0.0018692198919670765,0.00872289833918077,0.009419183297368182,0.00010286009566902996,0.02,50176
