domain,model,n_rows,clusters_total,clusters_defined,clusters_undefined,mean_cluster_spearman,baseline_clusters_defined,baseline_mean_cluster_spearman,paired_clusters_defined,paired_mean_spearman_difference,original_scale_mae,mae_status,mae_units,baseline_original_scale_mae,exact_baseline_copy,audit_beta,audit_raw_T,audit_raw_p,audit_raw_BY_p,audit_guarded_p,audit_guarded_BY_p,audit_final_label,audit_label_scope,audit_abstention_reason,cohort_sha256,audit_family_size,undefined_fewer_than_two_rows,undefined_constant_prediction,undefined_constant_outcome,undefined_constant_prediction_and_outcome
electricity,dlinear,34992,729,729,0,0.99150090235039345,729,0.98522059337329881,729,0.0062803089770947047,4.5850489680874844,computed,daily mean in original UCI load units,6.3068801092740525,False,2,8.7628575466187009,9.5181079615048048e-19,5.269645076491516e-18,9.5181079615046681e-19,5.269645076491516e-18,retain,operational screen; calibration not established,none,12553db517213f4038de753151e273c5d0296e4b05e46c006a0a610e90696384,11,0,0,0,0
electricity,drift,34992,729,729,0,0.98265695551500598,729,0.98522059337329881,729,-0.0025636378582927482,6.8554568728803877,computed,daily mean in original UCI load units,6.3068801092740525,False,2,9.0659387533537519,6.1767920290049361e-20,5.148667944931997e-19,6.176792029004888e-20,5.148667944931997e-19,retain,operational screen; calibration not established,none,12553db517213f4038de753151e273c5d0296e4b05e46c006a0a610e90696384,11,0,0,0,0
electricity,histgbr_lag,34992,729,729,0,0.99110924091627473,729,0.98522059337329881,729,0.0058886475429757558,5.5592710537299244,computed,daily mean in original UCI load units,6.3068801092740525,False,2,7.4904028865944108,3.4331257558689107e-14,1.1404380561489648e-13,3.4331257558688722e-14,1.1404380561489648e-13,retain,operational screen; calibration not established,none,12553db517213f4038de753151e273c5d0296e4b05e46c006a0a610e90696384,11,0,0,0,0
electricity,holt_winters,34992,729,729,0,0.95410554909875733,729,0.98522059337329881,729,-0.031115044274541526,5.5568639410852585,computed,daily mean in original UCI load units,6.3068801092740525,False,2,9.0202780336979274,9.3806266974176405e-20,6.2322352497422247e-19,9.3806266974175479e-20,6.2322352497422247e-19,retain,operational screen; calibration not established,none,12553db517213f4038de753151e273c5d0296e4b05e46c006a0a610e90696384,11,0,0,0,0
electricity,lasso_lag,34992,729,729,0,0.98750953973416311,729,0.98522059337329881,729,0.0022889463608643558,5.9690790179141988,computed,daily mean in original UCI load units,6.3068801092740525,False,2,8.3516027729296027,3.3671406290684429e-17,1.2427985414459695e-16,3.3671406290684121e-17,1.2427985414459695e-16,retain,operational screen; calibration not established,none,12553db517213f4038de753151e273c5d0296e4b05e46c006a0a610e90696384,11,0,0,0,0
electricity,linear_lag,34992,729,729,0,0.98751371115347109,729,0.98522059337329881,729,0.0022931177801722678,5.9504144183577807,computed,daily mean in original UCI load units,6.3068801092740525,False,2,8.3562524271901051,3.2371048414215549e-17,1.2427985414459695e-16,3.2371048414215265e-17,1.2427985414459695e-16,retain,operational screen; calibration not established,none,12553db517213f4038de753151e273c5d0296e4b05e46c006a0a610e90696384,11,0,0,0,0
electricity,naive_1,34992,729,729,0,0.98263967575790012,729,0.98522059337329881,729,-0.0025809176153986499,6.8581029833786316,computed,daily mean in original UCI load units,6.3068801092740525,False,2,9.0655346606942473,6.1997315627474496e-20,5.148667944931997e-19,6.1997315627473737e-20,5.148667944931997e-19,retain,operational screen; calibration not established,none,12553db517213f4038de753151e273c5d0296e4b05e46c006a0a610e90696384,11,0,0,0,0
electricity,ridge_lag,34992,729,729,0,0.98952398842539746,729,0.98522059337329881,729,0.0043033950520985804,5.354170553023863,computed,daily mean in original UCI load units,6.3068801092740525,False,2,8.5320495588239265,7.188871761435383e-18,3.4114945806208189e-17,7.1888717614353245e-18,3.4114945806208189e-17,retain,operational screen; calibration not established,none,12553db517213f4038de753151e273c5d0296e4b05e46c006a0a610e90696384,11,0,0,0,0
electricity,seasonal_naive_7,34992,729,729,0,0.98522059337329881,729,0.98522059337329881,729,0,6.3068801092740525,computed,daily mean in original UCI load units,6.3068801092740525,True,2,-5.3554476889312852,0.99999995732758185,1,1,1,abstain,operational screen; calibration not established,exact_observed_baseline_copy,12553db517213f4038de753151e273c5d0296e4b05e46c006a0a610e90696384,11,0,0,0,0
electricity,ses,34992,729,729,0,0.94747484528961412,729,0.98522059337329881,729,-0.037745748083684721,8.0643246566311824,computed,daily mean in original UCI load units,6.3068801092740525,False,2,9.4222283815049046,2.2080721806756245e-21,7.3349178697038641e-20,2.2080721806756268e-21,7.3349178697038641e-20,retain,operational screen; calibration not established,none,12553db517213f4038de753151e273c5d0296e4b05e46c006a0a610e90696384,11,0,0,0,0
electricity,theta,34992,729,729,0,0.98984769453684396,729,0.98522059337329881,729,0.004627101163545015,4.8933458012159248,computed,daily mean in original UCI load units,6.3068801092740525,False,2,9.2391269103397526,1.242583631339381e-20,2.0638475865684457e-19,1.242583631339366e-20,2.0638475865684457e-19,retain,operational screen; calibration not established,none,12553db517213f4038de753151e273c5d0296e4b05e46c006a0a610e90696384,11,0,0,0,0
portfolios,Elastic net,27272,132,132,0,0.056695745603337795,132,0.079192016493576642,132,-0.022496270890238843,2.7497758669914183,computed,percentage points of return,11.791534754631686,False,2,0.94697965408148399,0.17182457331149925,1,0.1718245733114992,1,null,operational screen; calibration not established,none,aa8dd6c200532a87b899ff8e4c5d043573af8142b3b0e96db13bd1ea65a0e4d2,10,0,0,0,0
portfolios,Exponential twelve-month mean,27272,132,132,0,0.08238922633797463,132,0.079192016493576642,132,0.003197209844397998,2.8508669554524149,computed,percentage points of return,11.791534754631686,False,2,1.2910757657451699,0.098338703258916998,1,0.098338703258916901,1,null,operational screen; calibration not established,none,aa8dd6c200532a87b899ff8e4c5d043573af8142b3b0e96db13bd1ea65a0e4d2,10,0,0,0,0
portfolios,Last month,27272,132,132,0,0.05099817172068026,132,0.079192016493576642,132,-0.028193844772896381,3.769197830617141,computed,percentage points of return,11.791534754631686,False,2,1.4540050401801183,0.072972454413968102,1,0.072972454413968102,1,null,operational screen; calibration not established,none,aa8dd6c200532a87b899ff8e4c5d043573af8142b3b0e96db13bd1ea65a0e4d2,10,0,0,0,0
portfolios,LightGBM,27272,132,132,0,0.045043165817219961,132,0.079192016493576642,132,-0.034148850676356701,2.7512386639308986,computed,percentage points of return,11.791534754631686,False,2,-0.26911021267788099,0.60607756416693404,1,0.60607756416693404,1,null,operational screen; calibration not established,none,aa8dd6c200532a87b899ff8e4c5d043573af8142b3b0e96db13bd1ea65a0e4d2,10,0,0,0,0
portfolios,Ridge,27272,132,132,0,0.056214794946525835,132,0.079192016493576642,132,-0.022977221547050793,2.7578914415294822,computed,percentage points of return,11.791534754631686,False,2,0.94242001369609196,0.17298882231052853,1,0.17298882231052851,1,null,operational screen; calibration not established,none,aa8dd6c200532a87b899ff8e4c5d043573af8142b3b0e96db13bd1ea65a0e4d2,10,0,0,0,0
portfolios,Seasonal twelve-month lag,27272,132,132,0,0.0037492261719687674,132,0.079192016493576642,132,-0.075442790321607861,3.8343524715575046,computed,percentage points of return,11.791534754631686,False,2,-1.100404678678665,0.86442207956317996,1,0.86442207956317996,1,null,operational screen; calibration not established,none,aa8dd6c200532a87b899ff8e4c5d043573af8142b3b0e96db13bd1ea65a0e4d2,10,0,0,0,0
portfolios,Small MLP,27272,132,132,0,0.016815132996317338,132,0.079192016493576642,132,-0.062376883497259297,2.9368319055691301,computed,percentage points of return,11.791534754631686,False,2,-1.137301009949647,0.87229376364691369,1,0.8722937636469138,1,null,operational screen; calibration not established,none,aa8dd6c200532a87b899ff8e4c5d043573af8142b3b0e96db13bd1ea65a0e4d2,10,0,0,0,0
portfolios,Trailing three-month return,27272,132,132,0,0.032417959306823632,132,0.079192016493576642,132,-0.046774057186752996,5.6151749928425119,computed,percentage points of return,11.791534754631686,False,2,-0.2035670260604521,0.58065406853117985,1,0.58065406853117985,1,null,operational screen; calibration not established,none,aa8dd6c200532a87b899ff8e4c5d043573af8142b3b0e96db13bd1ea65a0e4d2,10,0,0,0,0
portfolios,Trailing twelve-month return,27272,132,132,0,0.079192016493576642,132,0.079192016493576642,132,0,11.791534754631686,computed,percentage points of return,11.791534754631686,True,2,0.85980907442531662,0.19494714814416386,1,1,1,abstain,operational screen; calibration not established,exact_observed_baseline_copy,aa8dd6c200532a87b899ff8e4c5d043573af8142b3b0e96db13bd1ea65a0e4d2,10,0,0,0,0
portfolios,Training portfolio mean,27272,132,132,0,0.047194966807735356,132,0.079192016493576642,132,-0.031997049685841286,2.7585160166287803,computed,percentage points of return,11.791534754631686,False,2,-2.1112743566108398,0.9826256315747316,1,0.9826256315747316,1,null,operational screen; calibration not established,none,aa8dd6c200532a87b899ff8e4c5d043573af8142b3b0e96db13bd1ea65a0e4d2,10,0,0,0,0
ratings,Alternating least squares,12088,279,252,27,0.27358344596833317,252,0.31577549457095366,252,-0.04219204860262047,0.71899960052014489,computed,rating points,0.69274958309605128,False,2,12.743562925312736,1.6928609265726409e-37,1.6527786374380712e-36,1.6928609265725269e-37,1.6527786374380712e-36,retain,operational screen; calibration not established,none,57d505e90caac55bd3eec2cdbc640cb18291d68483dee03a7368e2cf5aac17de,10,18,0,9,0
ratings,Global mean,12088,279,0,279,,252,0.31577549457095366,0,,0.74747284338371656,computed,rating points,0.69274958309605128,False,2,,1,1,1,1,abstain,operational screen; calibration not established,zero_within_cluster_forecast_rank_variation,57d505e90caac55bd3eec2cdbc640cb18291d68483dee03a7368e2cf5aac17de,10,18,252,0,9
ratings,Item mean,12088,279,252,27,0.31577549457095366,252,0.31577549457095366,252,0,0.69274958309605128,computed,rating points,0.69274958309605128,True,2,2.6118208231587663,0.0045030720816899086,0.01648669396575057,1,1,abstain,operational screen; calibration not established,exact_observed_baseline_copy,57d505e90caac55bd3eec2cdbc640cb18291d68483dee03a7368e2cf5aac17de,10,18,0,9,0
ratings,Item nearest neighbours,12088,279,252,27,0.394732003758899,252,0.31577549457095366,252,0.078956509187945362,0.58110038296601219,computed,rating points,0.69274958309605128,False,2,12.92678700964048,1.5891269132321515e-38,2.3272511401916762e-37,1.5891269132320891e-38,2.3272511401916762e-37,retain,operational screen; calibration not established,none,57d505e90caac55bd3eec2cdbc640cb18291d68483dee03a7368e2cf5aac17de,10,18,0,9,0
ratings,SVD (32 factors),12088,279,252,27,0.33889577243021757,252,0.31577549457095366,252,0.023120277859263919,0.60829866809035904,computed,rating points,0.69274958309605128,False,2,10.075530418996635,3.5438661387809914e-24,2.0759742833604864e-23,3.5438661387809415e-24,2.0759742833604864e-23,retain,operational screen; calibration not established,none,57d505e90caac55bd3eec2cdbc640cb18291d68483dee03a7368e2cf5aac17de,10,18,0,9,0
ratings,SVD (40 factors),12088,279,252,27,0.35181527164791171,252,0.31577549457095366,252,0.036039777076958018,0.60809797204846194,computed,rating points,0.69274958309605128,False,2,10.618683043442299,1.2198939842374674e-26,8.932576882595599e-26,1.2198939842374156e-26,8.932576882595599e-26,retain,operational screen; calibration not established,none,57d505e90caac55bd3eec2cdbc640cb18291d68483dee03a7368e2cf5aac17de,10,18,0,9,0
ratings,SVD interaction,12088,279,252,27,0.14354835715986536,252,0.31577549457095366,252,-0.1722271374110883,,interaction_only_score_not_rating_prediction,rating points,0.69274958309605128,False,2,13.597640215602308,2.0678143707877613e-42,6.0565626471366981e-41,2.0678143707877632e-42,6.0565626471366981e-41,retain,operational screen; calibration not established,none,57d505e90caac55bd3eec2cdbc640cb18291d68483dee03a7368e2cf5aac17de,10,18,0,9,0
ratings,Slope One,12088,279,252,27,0.3362542065615875,252,0.31577549457095366,252,0.020478711990633801,0.61164017903792944,computed,rating points,0.69274958309605128,False,2,7.1766365022036451,3.5723657266007416e-13,1.7438909674629517e-12,3.5723657266007088e-13,1.7438909674629517e-12,retain,operational screen; calibration not established,none,57d505e90caac55bd3eec2cdbc640cb18291d68483dee03a7368e2cf5aac17de,10,18,0,9,0
ratings,User and item bias,12088,279,252,27,0.31577549457095366,252,0.31577549457095366,252,0,0.62258133767169632,computed,rating points,0.69274958309605128,False,2,2.6118208231587663,0.0045030720816899086,0.01648669396575057,1,1,abstain,operational screen; calibration not established,same_observed_baseline_weak_order,57d505e90caac55bd3eec2cdbc640cb18291d68483dee03a7368e2cf5aac17de,10,18,0,9,0
ratings,User mean,12088,279,0,279,,252,0.31577549457095366,0,,0.71529005895082409,computed,rating points,0.69274958309605128,False,2,,1,1,1,1,abstain,operational screen; calibration not established,zero_within_cluster_forecast_rank_variation,57d505e90caac55bd3eec2cdbc640cb18291d68483dee03a7368e2cf5aac17de,10,18,252,0,9
retail,Croston SBA,112000,28,28,0,0.70384955098923141,28,0.79215751275239621,28,-0.088307961763164605,4.3551902061695529,computed,weekly sales units,3.8665178571428571,False,2,-8.5909875885465468,1,1,1,1,null,operational screen; calibration not established,none,81801a5c0571a3c12620e1f20eae86f63be34859d97332266000440be3f41676,10,0,0,0,0
retail,Eight week mean,112000,28,28,0,0.80031230994920211,28,0.79215751275239621,28,0.0081547971968060542,3.7395558035714287,computed,weekly sales units,3.8665178571428571,False,2,3.8406667900086138,6.1350285715803705e-05,0.0002994883987224518,6.1350285715803705e-05,0.0002994883987224518,retain,operational screen; calibration not established,none,81801a5c0571a3c12620e1f20eae86f63be34859d97332266000440be3f41676,10,0,0,0,0
retail,Exponential smoothing,112000,28,28,0,0.82131046113004413,28,0.79215751275239621,28,0.029152948377648018,3.4922793996756738,computed,weekly sales units,3.8665178571428571,False,2,4.2896523744623423,8.947650048121157e-06,5.2414765877128654e-05,8.9476500481211367e-06,5.2414765877128654e-05,retain,operational screen; calibration not established,none,81801a5c0571a3c12620e1f20eae86f63be34859d97332266000440be3f41676,10,0,0,0,0
retail,Four week mean,112000,28,28,0,0.82048889105039291,28,0.79215751275239621,28,0.028331378297996892,3.5480558035714287,computed,weekly sales units,3.8665178571428571,False,2,6.0378415019742473,7.809468213229272e-10,7.6245614923075095e-09,7.8094682132292058e-10,7.6245614923075095e-09,retain,operational screen; calibration not established,none,81801a5c0571a3c12620e1f20eae86f63be34859d97332266000440be3f41676,10,0,0,0,0
retail,Last week,112000,28,28,0,0.79215751275239621,28,0.79215751275239621,28,0,3.8665178571428571,computed,weekly sales units,3.8665178571428571,True,2,1.9303410329989004,0.026782298007878243,0.098055625791740569,1,1,abstain,operational screen; calibration not established,exact_observed_baseline_copy,81801a5c0571a3c12620e1f20eae86f63be34859d97332266000440be3f41676,10,0,0,0,0
retail,Past price and calendar,112000,28,28,0,0.13586028689961019,28,0.79215751275239621,28,-0.65629722585278594,9.1299626196888273,computed,weekly sales units,3.8665178571428571,False,2,7.6756612656702323,8.2283736556584655e-15,2.4100645219212154e-13,8.2283736556583977e-15,2.4100645219212154e-13,retain,operational screen; calibration not established,none,81801a5c0571a3c12620e1f20eae86f63be34859d97332266000440be3f41676,10,0,0,0,0
retail,Past price calendar and history,112000,28,28,0,0.82698030543115308,28,0.79215751275239621,28,0.034822792678757167,3.4622748401346195,computed,weekly sales units,3.8665178571428571,False,2,4.710654756103474,1.2346110906508353e-06,9.0403417262834888e-06,1.2346110906508275e-06,9.0403417262834888e-06,retain,operational screen; calibration not established,none,81801a5c0571a3c12620e1f20eae86f63be34859d97332266000440be3f41676,10,0,0,0,0
retail,Ridge with history,112000,28,28,0,0.8202991487062371,28,0.79215751275239621,28,0.028141635953841049,3.5612306209119842,computed,weekly sales units,3.8665178571428571,False,2,3.650525923131529,0.00013085194660583885,0.00054751599654048169,0.00013085194660580001,0.00054751599654048169,retain,operational screen; calibration not established,none,81801a5c0571a3c12620e1f20eae86f63be34859d97332266000440be3f41676,10,0,0,0,0
retail,Theta,112000,28,28,0,0.83380917064490701,28,0.79215751275239621,28,0.041651657892510907,3.4051180294005783,computed,weekly sales units,3.8665178571428571,False,2,6.3620597443570981,9.9532988365831493e-11,1.4576448157305601e-09,9.9532988365831493e-11,1.4576448157305601e-09,retain,operational screen; calibration not established,none,81801a5c0571a3c12620e1f20eae86f63be34859d97332266000440be3f41676,10,0,0,0,0
retail,Training series mean,112000,28,28,0,0.61547934515721681,28,0.79215751275239621,28,-0.17667816759517932,5.6340023761520737,computed,weekly sales units,3.8665178571428571,False,2,,1,1,1,1,abstain,operational screen; calibration not established,undefined_audit_scale,81801a5c0571a3c12620e1f20eae86f63be34859d97332266000440be3f41676,10,0,0,0,0
