study,clusters,condition,ladder,beta,replications,rejections,rejection_rate,wilson_95_lower,wilson_95_upper,mean_product_mean,mean_product_empirical_sd,standard_error_mean,statistic_mean,statistic_sd,undefined_results,mean_product_mc95_lower,mean_product_mc95_upper,reported_se_over_empirical_sd,statistic_quantile_0.025,statistic_quantile_0.05,statistic_quantile_0.5,statistic_quantile_0.95,statistic_quantile_0.975,nuisance_r2_q8_mean,nuisance_r2_q12_mean,nuisance_r2_q16_mean,nuisance_r2_q24_mean,nuisance_r2_q32_mean,nuisance_r2_q4_mean,nuisance_r2_q6_mean,nuisance_r2_q48_mean,nuisance_r2_q64_mean
cluster_count_exponent,25,high_overlap_conditional_null,primary,0.5,300,0,0.0,8.673617379884035e-19,0.012642971224546034,-0.014053617271534508,0.0010178833149718945,0.0009229479639086415,-15.576527735995166,2.712524751335723,0,-0.0141692676188815,-0.013937966924187516,0.9067325795925102,-21.685635808058873,-20.169170704624072,-15.173510309589531,-11.675025350701612,-11.225979764427713,0.9574805121337179,0.9656054425032042,0.9685987058302767,0.9702931920721823,0.9709016792950481,,,,
cluster_count_exponent,25,high_overlap_conditional_null,primary,1.0,300,0,0.0,8.673617379884035e-19,0.012642971224546034,-0.00468541236827085,0.0007864745019471301,0.0006948921696204442,-6.883156207708727,1.5628646728833986,0,-0.00477477039977788,-0.00459605433676382,0.883553335677191,-10.262530982292235,-9.834869125071172,-6.688197762328011,-4.639899516398278,-4.257296471140715,0.9574805121337179,0.9656054425032042,0.9685987058302767,0.9702931920721823,0.9709016792950481,,,,
cluster_count_exponent,25,high_overlap_conditional_null,primary,2.0,300,23,0.07666666666666666,0.051627611786607464,0.1124101038501748,-5.295205924238409e-05,0.0007396113830201818,0.0006478696518059003,-0.08127226997052592,1.1828296714477482,0,-0.00013698557476418558,3.1081456279417416e-05,0.8759595467018683,-2.4182299541694228,-2.050871760143177,-0.018251758160472926,1.8912010044434286,2.199109131659585,0.9574805121337179,0.9656054425032042,0.9685987058302767,0.9702931920721823,0.9709016792950481,,,,
cluster_count_exponent,25,high_overlap_shared_noise_alternative,primary,0.5,300,133,0.44333333333333336,0.38818691756565193,0.4999126191731299,0.0016176516523601075,0.0012059105663466709,0.001130683260668327,1.4528962351927042,1.088624464498414,0,0.0014806379359389363,0.0017546653687812786,0.9376178401801002,-0.45885312177964244,-0.21848657157996954,1.46173628271166,3.2668314502257756,3.785930733818101,0.9574805121337179,0.9656054425032042,0.9685987058302767,0.9702931920721823,0.9709016792950481,,,,
cluster_count_exponent,25,high_overlap_shared_noise_alternative,primary,1.0,300,300,1.0,0.9873570287754538,0.9999999999999998,0.010817996196868575,0.0009047000490716468,0.0008408310085505646,13.15768676245953,2.2348894164905517,0,0.010715205559296462,0.010920786834440688,0.9294030760950868,9.43476390869292,9.756727237317536,12.926938439579827,16.976080216499,17.93080943673021,0.9574805121337179,0.9656054425032042,0.9685987058302767,0.9702931920721823,0.9709016792950481,,,,
cluster_count_exponent,25,high_overlap_shared_noise_alternative,primary,2.0,300,300,1.0,0.9873570287754538,0.9999999999999998,0.015368190421686533,0.0008432258537511933,0.0007793930758592115,20.179180605532352,3.2369513767005103,0,0.015272384388279863,0.015463996455093203,0.9242993112604245,14.738583788569134,15.334655072253113,19.774229297097552,25.311084267670505,26.745826390819772,0.9574805121337179,0.9656054425032042,0.9685987058302767,0.9702931920721823,0.9709016792950481,,,,
cluster_count_exponent,25,independent_forecast_null,primary,0.5,300,25,0.08333333333333333,0.057080874056394275,0.12012160196406074,-0.00018995799360213908,0.021886458965791823,0.018334365498141138,0.013920132307054271,1.2257285341334405,0,-0.002676664027937136,0.002296748040732858,0.8377036014275974,-2.38236134057217,-1.9237316654952135,0.005405144558671202,2.0856968761093344,2.3825738372782324,-0.05404751343890446,-0.056967404820095005,-0.05955064761021178,-0.06538249022898797,-0.07095591443853581,,,,
cluster_count_exponent,25,independent_forecast_null,primary,1.0,300,25,0.08333333333333333,0.057080874056394275,0.12012160196406074,-0.00029947187754027243,0.020719322292159476,0.01773199344085453,0.007319492665571087,1.1945691004962875,0,-0.0026535696259140035,0.0020546258708334583,0.8558191812849305,-2.3446996278038683,-1.8470516321374726,-0.00980856391694783,1.996022142855135,2.413423278249422,-0.05404751343890446,-0.056967404820095005,-0.05955064761021178,-0.06538249022898797,-0.07095591443853581,,,,
cluster_count_exponent,25,independent_forecast_null,primary,2.0,300,25,0.08333333333333333,0.057080874056394275,0.12012160196406074,-0.00035227219649419016,0.020257042798903252,0.01756084120879781,0.003669320230373603,1.1777852978329149,0,-0.0026538464550139294,0.0019493020620255492,0.8669005334652589,-2.2735585482694205,-1.773628119204785,-0.04150098907999237,1.9540327733659748,2.417361269194175,-0.05404751343890446,-0.056967404820095005,-0.05955064761021178,-0.06538249022898797,-0.07095591443853581,,,,
cluster_count_exponent,50,high_overlap_conditional_null,primary,0.5,300,0,0.0,8.673617379884035e-19,0.012642971224546034,-0.013730497855648584,0.0006471530419619421,0.0006345587836202035,-21.843883043564073,2.3903120776778977,0,-0.013804026395697036,-0.013656969315600133,0.9805389799241966,-27.445965106514297,-26.474770626035163,-21.6522117178491,-18.521641374470825,-17.91017640679696,0.9585003508988788,0.9664579429247336,0.9693850811609771,0.9711505523995125,0.9718201958894255,,,,
cluster_count_exponent,50,high_overlap_conditional_null,primary,1.0,300,0,0.0,8.673617379884035e-19,0.012642971224546034,-0.004610188451264657,0.0005008103464869915,0.00047989319572101704,-9.706659337961403,1.4586813343856893,0,-0.004667089757803695,-0.004553287144725619,0.9582333893205264,-12.724143166295281,-12.214634059963181,-9.680551575257951,-7.519273791306541,-7.1427569735027125,0.9585003508988788,0.9664579429247336,0.9693850811609771,0.9711505523995125,0.9718201958894255,,,,
cluster_count_exponent,50,high_overlap_conditional_null,primary,2.0,300,15,0.05,0.03053164062934728,0.08084703347274415,-0.00010044072902347373,0.0004755811913701682,0.00044899052840282743,-0.223473586344331,1.062826361460074,0,-0.00015447553749773886,-4.640592054920859e-05,0.9440880685572699,-2.2597355044641882,-1.9427568195720006,-0.23320909872277354,1.6203878084988863,1.9254840324632476,0.9585003508988788,0.9664579429247336,0.9693850811609771,0.9711505523995125,0.9718201958894255,,,,
cluster_count_exponent,50,high_overlap_shared_noise_alternative,primary,0.5,300,173,0.5766666666666667,0.5201332672229635,0.6312614771892728,0.0013631648506123662,0.0008062925730813507,0.0007812430767569911,1.758829636768555,1.055569842646481,0,0.0012715551201367928,0.0014547745810879395,0.9689324977549654,-0.42060790159992767,-0.11313402523855347,1.8770174628362741,3.44004906279462,3.6813515763076987,0.9585003508988788,0.9664579429247336,0.9693850811609771,0.9711505523995125,0.9718201958894255,,,,
cluster_count_exponent,50,high_overlap_shared_noise_alternative,primary,1.0,300,300,1.0,0.9873570287754538,0.9999999999999998,0.010406532101634905,0.0006020208090358316,0.0005821236566976969,18.04723988816165,1.975441805426219,0,0.010338131416948337,0.010474932786321473,0.9669493943739237,14.724506063278797,15.092818675140611,17.82461254071899,21.751403196267233,22.34042342969133,0.9585003508988788,0.9664579429247336,0.9693850811609771,0.9711505523995125,0.9718201958894255,,,,
cluster_count_exponent,50,high_overlap_shared_noise_alternative,primary,2.0,300,300,1.0,0.9873570287754538,0.9999999999999998,0.01487855938714952,0.000559357528695481,0.0005405844500543835,27.814012349766173,2.9816448402726703,0,0.014815006039203568,0.014942112735095473,0.966438140763244,23.18198817360148,23.66782586134515,27.337291609318676,33.38210843957755,34.567813075110465,0.9585003508988788,0.9664579429247336,0.9693850811609771,0.9711505523995125,0.9718201958894255,,,,
cluster_count_exponent,50,independent_forecast_null,primary,0.5,300,19,0.06333333333333334,0.040916882383915276,0.09679131248552161,-0.0006340465612432253,0.013316954698456078,0.012524329648586793,-0.050687645941681,1.074209233539318,0,-0.0021470986113430275,0.000879005488856577,0.9404800070423623,-2.0076324895738455,-1.8249337314168215,-0.06668612605293728,1.7801989133742195,1.959246975241882,-0.026982665881601864,-0.028363398112822413,-0.029748025335954744,-0.03221888420746539,-0.03516787669707115,,,,
cluster_count_exponent,50,independent_forecast_null,primary,1.0,300,18,0.06,0.038286369524692054,0.09283944515290843,-0.0006291541702011516,0.012946795860301478,0.012276333015816394,-0.05059900585943922,1.0634274637835883,0,-0.0021001493385577647,0.0008418409981554614,0.9482139942793945,-2.0318220979648576,-1.7537133470746278,-0.024435009922188913,1.79615374383951,1.9679169308937516,-0.026982665881601864,-0.028363398112822413,-0.029748025335954744,-0.03221888420746539,-0.03516787669707115,,,,
cluster_count_exponent,50,independent_forecast_null,primary,2.0,300,17,0.056666666666666664,0.03567747646328951,0.08886595802247463,-0.0006263309966963684,0.012818245155844493,0.012209180054707218,-0.050252531619010526,1.0580098734679089,0,-0.0020827204303843065,0.0008300584369915696,0.9524845176752162,-2.0053846876331862,-1.754681517098231,-0.017553512746176708,1.8499258183736786,1.9746611018490856,-0.026982665881601864,-0.028363398112822413,-0.029748025335954744,-0.03221888420746539,-0.03516787669707115,,,,
cluster_count_exponent,100,high_overlap_conditional_null,primary,0.5,300,0,0.0,8.673617379884035e-19,0.012642971224546034,-0.013548606309521649,0.0004397964711177181,0.0004436653389202881,-30.70491794706445,2.4694170552073675,0,-0.013598575312744922,-0.013498637306298376,1.008796950536546,-35.743245651944406,-34.950700594317205,-30.612037665631618,-26.86925680544005,-26.51538832256041,0.9589922614106778,0.9668943864935602,0.9697354065397307,0.9715704610462912,0.9722402478059428,,,,
cluster_count_exponent,100,high_overlap_conditional_null,primary,1.0,300,0,0.0,8.673617379884035e-19,0.012642971224546034,-0.004545705754322914,0.00033335999867333194,0.00033809983330382857,-13.51792258045958,1.4202248612290584,0,-0.004583581608137482,-0.0045078299005083455,1.0142183664787607,-16.274669098948845,-15.965769279810823,-13.53958215460554,-11.433247364289292,-11.008894619818385,0.9589922614106778,0.9668943864935602,0.9697354065397307,0.9715704610462912,0.9722402478059428,,,,
cluster_count_exponent,100,high_overlap_conditional_null,primary,2.0,300,7,0.023333333333333334,0.011347660299125234,0.04737197226827532,-9.402366500719822e-05,0.00031557018346095166,0.00031785871846257754,-0.30030944859897984,0.999549830790812,0,-0.00012987826719273546,-5.8169062821660985e-05,1.007252063476108,-2.442889284055892,-2.2080535436635156,-0.2768776563087535,1.2402878026140034,1.5805187417133404,0.9589922614106778,0.9668943864935602,0.9697354065397307,0.9715704610462912,0.9722402478059428,,,,
cluster_count_exponent,100,high_overlap_shared_noise_alternative,primary,0.5,300,221,0.7366666666666667,0.6840604965627417,0.7832884970576399,0.0012688549372497468,0.0005641978924350902,0.0005423217001535238,2.3537979576823616,1.0679903280522238,0,0.0012047516345697526,0.001332958239929741,0.9612260297762752,0.3732685248584456,0.6667926251122743,2.3519813005155203,4.146879391827094,4.698990748239172,0.9589922614106778,0.9668943864935602,0.9697354065397307,0.9715704610462912,0.9722402478059428,,,,
cluster_count_exponent,100,high_overlap_shared_noise_alternative,primary,1.0,300,300,1.0,0.9873570287754538,0.9999999999999998,0.010233094547652609,0.0004116297464134084,0.00040572353587244557,25.351495623457748,2.0389572306712678,0,0.010186325804663263,0.010279863290641955,0.985651643030115,21.60343501709975,22.537129807721715,25.1340473167474,28.475339613100463,29.24119231680065,0.9589922614106778,0.9668943864935602,0.9697354065397307,0.9715704610462912,0.9722402478059428,,,,
cluster_count_exponent,100,high_overlap_shared_noise_alternative,primary,2.0,300,300,1.0,0.9873570287754538,0.9999999999999998,0.014665778701402026,0.00037775490148537165,0.0003783945164168772,38.96522829499529,2.9549504995610962,0,0.014622858766546802,0.01470869863625725,1.0016932008796988,33.930836854309185,34.65520047863917,38.73469335535563,43.61253035496031,44.70938031642134,0.9589922614106778,0.9668943864935602,0.9697354065397307,0.9715704610462912,0.9722402478059428,,,,
cluster_count_exponent,100,independent_forecast_null,primary,0.5,300,11,0.03666666666666667,0.02059530516285303,0.06445384817189295,-0.0006033393053663356,0.009283716580965504,0.008696923337333419,-0.07190977291416241,1.0784674823866383,0,-0.00165814100165835,0.0004514623909256789,0.9367932833241384,-2.3754126245929266,-1.7883448808502378,-0.008687625810614195,1.544205216921127,1.8381647266653938,-0.013675714824427905,-0.01423210813772949,-0.015003984947778113,-0.016171216412574487,-0.017560877302084506,,,,
cluster_count_exponent,100,independent_forecast_null,primary,1.0,300,12,0.04,0.023027321487942308,0.06860421203864003,-0.0006055575979142321,0.009150396318858247,0.008588968508187455,-0.072566023454538,1.0749473130065978,0,-0.0016452116496832375,0.00043409645385477334,0.9386444268524485,-2.4133902657859,-1.855035707713665,-0.021264243742872932,1.534165007306599,1.8406471083219105,-0.013675714824427905,-0.01423210813772949,-0.015003984947778113,-0.016171216412574487,-0.017560877302084506,,,,
cluster_count_exponent,100,independent_forecast_null,primary,2.0,300,11,0.03666666666666667,0.02059530516285303,0.06445384817189295,-0.0006064873112186362,0.009111853267286283,0.008562499996667142,-0.07268706427267263,1.0732180597911798,0,-0.0016417621603457026,0.00042878753790843006,0.9397100398234628,-2.422162786743978,-1.9156456027233897,-0.015036371733442149,1.5043965483347659,1.8241768484571421,-0.013675714824427905,-0.01423210813772949,-0.015003984947778113,-0.016171216412574487,-0.017560877302084506,,,,
ladder,100,high_overlap_conditional_null,coarse,1.0,300,0,0.0,8.673617379884035e-19,0.012642971224546034,-0.018641719068306428,0.00039086361879968204,0.00039533241488323565,-47.36096709394472,3.316504699517004,0,-0.018686128395598262,-0.018597309741014593,1.011433133882547,-53.92266889261356,-53.22822890606432,-47.27388234111196,-42.17913840554145,-41.01960170554008,0.9589922614106778,0.9668943864935602,0.9697354065397307,,,0.9148481090219199,0.9475137617872194,,
ladder,100,high_overlap_conditional_null,fine,1.0,300,0,0.0,8.673617379884035e-19,0.012642971224546034,-0.0011698352605425393,0.0003168598802298173,0.00031771438365162916,-3.706448292849763,1.054761503108967,0,-0.0012058363961048376,-0.001133834124980241,1.002696786419259,-5.877681175007197,-5.5956836547727935,-3.656753200785592,-1.9912696479190217,-1.701657603112825,,,0.9697354065397307,0.9715704610462912,0.9722402478059428,,,0.9726731407546493,0.9727801380514309
ladder,100,high_overlap_shared_noise_alternative,coarse,1.0,300,0,0.0,8.673617379884035e-19,0.012642971224546034,-0.003921019736490831,0.0004870511930279074,0.0004853915875507004,-8.136135426243273,1.2801426319220177,0,-0.003976357749032082,-0.0038656817239495806,0.9965925440673093,-11.05202295437922,-10.151896930200683,-8.029187985620613,-6.233198782236879,-5.878341580565839,0.9589922614106778,0.9668943864935602,0.9697354065397307,,,0.9148481090219199,0.9475137617872194,,
ladder,100,high_overlap_shared_noise_alternative,fine,1.0,300,300,1.0,0.9873570287754538,0.9999999999999998,0.013700737683390059,0.00038157023025772485,0.00037880568852086734,36.34504041228553,2.6634440568164206,0,0.013657384256707948,0.01374409111007217,0.9927548285541294,31.79506268279383,32.308115472669414,36.238122434096695,40.835697528191574,41.99442774061574,,,0.9697354065397307,0.9715704610462912,0.9722402478059428,,,0.9726731407546493,0.9727801380514309
ladder,100,independent_forecast_null,coarse,1.0,300,11,0.03666666666666667,0.02059530516285303,0.06445384817189295,-0.0006727730241330956,0.009165134044249906,0.00859339401889891,-0.07919907728674686,1.0738179291279952,0,-0.0017141015537480188,0.00036855550548182774,0.9376179308899798,-2.3052248222634564,-1.9799250243841466,-0.014514136705034705,1.5736352923726948,1.7870057756960405,-0.013675714824427905,-0.01423210813772949,-0.015003984947778113,,,-0.013002266989641959,-0.013316030993197975,,
ladder,100,independent_forecast_null,fine,1.0,300,13,0.043333333333333335,0.025496448084407246,0.07271746563401146,-0.0006116936596001365,0.009210027782565371,0.008632893644496367,-0.07182104373551963,1.075626268286735,0,-0.0016581229471836017,0.00043473562798332854,0.93733633038963,-2.4726949754732153,-1.7482487524686166,-0.026591117292374705,1.5325933643261336,1.8450392532945905,,,-0.015003984947778113,-0.016171216412574487,-0.017560877302084506,,,-0.020035058620764032,-0.022728087236858485
