setting,regime,metric,seed,N,T,reject
legacy_cluster_extrapolation_beta1,high_dim_fe,typeI,505,600,60,0
legacy_cluster_extrapolation_beta1,high_dim_fe,typeI,506,600,60,0
legacy_cluster_extrapolation_beta1,high_dim_fe,typeI,507,600,60,0
legacy_cluster_extrapolation_beta1,high_dim_fe,typeI,508,600,60,0
legacy_cluster_extrapolation_beta1,high_dim_fe,typeI,509,600,60,0
legacy_cluster_extrapolation_beta1,high_dim_fe,typeI,510,600,60,0
legacy_cluster_extrapolation_beta1,high_dim_fe,typeI,511,600,60,0
legacy_cluster_extrapolation_beta1,high_dim_fe,typeI,512,600,60,0
legacy_cluster_extrapolation_beta1,high_dim_fe,typeI,513,600,60,0
legacy_cluster_extrapolation_beta1,high_dim_fe,typeI,514,600,60,0
legacy_cluster_extrapolation_beta1,high_dim_fe,typeI,515,600,60,1
legacy_cluster_extrapolation_beta1,high_dim_fe,typeI,516,600,60,0
legacy_cluster_extrapolation_beta1,high_dim_fe,typeI,517,600,60,0
legacy_cluster_extrapolation_beta1,high_dim_fe,typeI,518,600,60,0
legacy_cluster_extrapolation_beta1,high_dim_fe,typeI,519,600,60,0
legacy_cluster_extrapolation_beta1,high_dim_fe,typeI,520,600,60,0
legacy_cluster_extrapolation_beta1,high_dim_fe,typeI,521,600,60,0
legacy_cluster_extrapolation_beta1,high_dim_fe,typeI,522,600,60,0
legacy_cluster_extrapolation_beta1,high_dim_fe,typeI,523,600,60,0
legacy_cluster_extrapolation_beta1,high_dim_fe,typeI,524,600,60,0
legacy_cluster_extrapolation_beta1,high_dim_fe,typeI,525,600,60,0
legacy_cluster_extrapolation_beta1,high_dim_fe,typeI,526,600,60,0
legacy_cluster_extrapolation_beta1,high_dim_fe,typeI,527,600,60,0
legacy_cluster_extrapolation_beta1,high_dim_fe,typeI,528,600,60,0
legacy_cluster_extrapolation_beta1,high_dim_fe,typeI,529,600,60,0
legacy_cluster_extrapolation_beta1,high_dim_fe,typeI,530,600,60,0
legacy_cluster_extrapolation_beta1,high_dim_fe,typeI,531,600,60,0
legacy_cluster_extrapolation_beta1,high_dim_fe,typeI,532,600,60,0
legacy_cluster_extrapolation_beta1,high_dim_fe,typeI,533,600,60,0
legacy_cluster_extrapolation_beta1,high_dim_fe,typeI,534,600,60,0
legacy_cluster_extrapolation_beta1,high_dim_fe,typeI,535,600,60,0
legacy_cluster_extrapolation_beta1,high_dim_fe,typeI,536,600,60,0
legacy_cluster_extrapolation_beta1,high_dim_fe,typeI,537,600,60,0
legacy_cluster_extrapolation_beta1,high_dim_fe,typeI,538,600,60,0
legacy_cluster_extrapolation_beta1,high_dim_fe,typeI,539,600,60,0
legacy_cluster_extrapolation_beta1,high_dim_fe,typeI,540,600,60,0
legacy_cluster_extrapolation_beta1,high_dim_fe,typeI,541,600,60,0
legacy_cluster_extrapolation_beta1,high_dim_fe,typeI,542,600,60,0
legacy_cluster_extrapolation_beta1,high_dim_fe,typeI,543,600,60,0
legacy_cluster_extrapolation_beta1,high_dim_fe,typeI,544,600,60,0
legacy_cluster_extrapolation_beta1,high_dim_fe,typeI,545,600,60,1
legacy_cluster_extrapolation_beta1,high_dim_fe,typeI,546,600,60,0
legacy_cluster_extrapolation_beta1,high_dim_fe,typeI,547,600,60,0
legacy_cluster_extrapolation_beta1,high_dim_fe,typeI,548,600,60,0
legacy_cluster_extrapolation_beta1,high_dim_fe,typeI,549,600,60,0
legacy_cluster_extrapolation_beta1,high_dim_fe,typeI,550,600,60,0
legacy_cluster_extrapolation_beta1,high_dim_fe,typeI,551,600,60,0
legacy_cluster_extrapolation_beta1,high_dim_fe,typeI,552,600,60,0
legacy_cluster_extrapolation_beta1,high_dim_fe,typeI,553,600,60,0
legacy_cluster_extrapolation_beta1,high_dim_fe,typeI,554,600,60,0
legacy_cluster_extrapolation_beta1,high_dim_fe,typeI,555,600,60,0
legacy_cluster_extrapolation_beta1,high_dim_fe,typeI,556,600,60,0
legacy_cluster_extrapolation_beta1,high_dim_fe,typeI,557,600,60,1
legacy_cluster_extrapolation_beta1,high_dim_fe,typeI,558,600,60,0
legacy_cluster_extrapolation_beta1,high_dim_fe,typeI,559,600,60,0
legacy_cluster_extrapolation_beta1,high_dim_fe,typeI,560,600,60,0
legacy_cluster_extrapolation_beta1,high_dim_fe,typeI,561,600,60,0
legacy_cluster_extrapolation_beta1,high_dim_fe,typeI,562,600,60,0
legacy_cluster_extrapolation_beta1,high_dim_fe,typeI,563,600,60,0
legacy_cluster_extrapolation_beta1,high_dim_fe,typeI,564,600,60,0
legacy_cluster_extrapolation_beta1,high_dim_fe,typeI,565,600,60,0
legacy_cluster_extrapolation_beta1,high_dim_fe,typeI,566,600,60,0
legacy_cluster_extrapolation_beta1,high_dim_fe,typeI,567,600,60,0
legacy_cluster_extrapolation_beta1,high_dim_fe,typeI,568,600,60,0
legacy_cluster_extrapolation_beta1,high_dim_fe,typeI,569,600,60,0
legacy_cluster_extrapolation_beta1,high_dim_fe,typeI,570,600,60,0
legacy_cluster_extrapolation_beta1,high_dim_fe,typeI,571,600,60,0
legacy_cluster_extrapolation_beta1,high_dim_fe,typeI,572,600,60,0
legacy_cluster_extrapolation_beta1,high_dim_fe,typeI,573,600,60,0
legacy_cluster_extrapolation_beta1,high_dim_fe,typeI,574,600,60,0
legacy_cluster_extrapolation_beta1,high_dim_fe,typeI,575,600,60,0
legacy_cluster_extrapolation_beta1,high_dim_fe,typeI,576,600,60,0
legacy_cluster_extrapolation_beta1,high_dim_fe,typeI,577,600,60,0
legacy_cluster_extrapolation_beta1,high_dim_fe,typeI,578,600,60,0
legacy_cluster_extrapolation_beta1,high_dim_fe,typeI,579,600,60,0
legacy_cluster_extrapolation_beta1,high_dim_fe,typeI,580,600,60,0
legacy_cluster_extrapolation_beta1,high_dim_fe,typeI,581,600,60,0
legacy_cluster_extrapolation_beta1,high_dim_fe,typeI,582,600,60,0
legacy_cluster_extrapolation_beta1,high_dim_fe,typeI,583,600,60,0
legacy_cluster_extrapolation_beta1,high_dim_fe,typeI,584,600,60,0
legacy_cluster_extrapolation_beta1,high_dim_fe,typeI,585,600,60,0
legacy_cluster_extrapolation_beta1,high_dim_fe,typeI,586,600,60,0
legacy_cluster_extrapolation_beta1,high_dim_fe,typeI,587,600,60,0
legacy_cluster_extrapolation_beta1,high_dim_fe,typeI,588,600,60,0
legacy_cluster_extrapolation_beta1,high_dim_fe,typeI,589,600,60,0
legacy_cluster_extrapolation_beta1,high_dim_fe,typeI,590,600,60,0
legacy_cluster_extrapolation_beta1,high_dim_fe,typeI,591,600,60,0
legacy_cluster_extrapolation_beta1,high_dim_fe,typeI,592,600,60,0
legacy_cluster_extrapolation_beta1,high_dim_fe,typeI,593,600,60,0
legacy_cluster_extrapolation_beta1,high_dim_fe,typeI,594,600,60,0
legacy_cluster_extrapolation_beta1,high_dim_fe,typeI,595,600,60,0
legacy_cluster_extrapolation_beta1,high_dim_fe,typeI,596,600,60,0
legacy_cluster_extrapolation_beta1,high_dim_fe,typeI,597,600,60,0
legacy_cluster_extrapolation_beta1,high_dim_fe,typeI,598,600,60,0
legacy_cluster_extrapolation_beta1,high_dim_fe,typeI,599,600,60,0
legacy_cluster_extrapolation_beta1,high_dim_fe,typeI,600,600,60,0
legacy_cluster_extrapolation_beta1,high_dim_fe,typeI,601,600,60,0
legacy_cluster_extrapolation_beta1,high_dim_fe,typeI,602,600,60,0
legacy_cluster_extrapolation_beta1,high_dim_fe,typeI,603,600,60,0
legacy_cluster_extrapolation_beta1,high_dim_fe,typeI,604,600,60,0
legacy_cluster_extrapolation_beta1,high_dim_fe,power,505,600,60,1
legacy_cluster_extrapolation_beta1,high_dim_fe,power,506,600,60,1
legacy_cluster_extrapolation_beta1,high_dim_fe,power,507,600,60,1
legacy_cluster_extrapolation_beta1,high_dim_fe,power,508,600,60,1
legacy_cluster_extrapolation_beta1,high_dim_fe,power,509,600,60,1
legacy_cluster_extrapolation_beta1,high_dim_fe,power,510,600,60,1
legacy_cluster_extrapolation_beta1,high_dim_fe,power,511,600,60,1
legacy_cluster_extrapolation_beta1,high_dim_fe,power,512,600,60,1
legacy_cluster_extrapolation_beta1,high_dim_fe,power,513,600,60,1
legacy_cluster_extrapolation_beta1,high_dim_fe,power,514,600,60,1
legacy_cluster_extrapolation_beta1,high_dim_fe,power,515,600,60,1
legacy_cluster_extrapolation_beta1,high_dim_fe,power,516,600,60,1
legacy_cluster_extrapolation_beta1,high_dim_fe,power,517,600,60,1
legacy_cluster_extrapolation_beta1,high_dim_fe,power,518,600,60,1
legacy_cluster_extrapolation_beta1,high_dim_fe,power,519,600,60,1
legacy_cluster_extrapolation_beta1,high_dim_fe,power,520,600,60,1
legacy_cluster_extrapolation_beta1,high_dim_fe,power,521,600,60,1
legacy_cluster_extrapolation_beta1,high_dim_fe,power,522,600,60,1
legacy_cluster_extrapolation_beta1,high_dim_fe,power,523,600,60,1
legacy_cluster_extrapolation_beta1,high_dim_fe,power,524,600,60,1
legacy_cluster_extrapolation_beta1,high_dim_fe,power,525,600,60,1
legacy_cluster_extrapolation_beta1,high_dim_fe,power,526,600,60,1
legacy_cluster_extrapolation_beta1,high_dim_fe,power,527,600,60,1
legacy_cluster_extrapolation_beta1,high_dim_fe,power,528,600,60,1
legacy_cluster_extrapolation_beta1,high_dim_fe,power,529,600,60,1
legacy_cluster_extrapolation_beta1,high_dim_fe,power,530,600,60,1
legacy_cluster_extrapolation_beta1,high_dim_fe,power,531,600,60,1
legacy_cluster_extrapolation_beta1,high_dim_fe,power,532,600,60,1
legacy_cluster_extrapolation_beta1,high_dim_fe,power,533,600,60,1
legacy_cluster_extrapolation_beta1,high_dim_fe,power,534,600,60,1
legacy_cluster_extrapolation_beta1,high_dim_fe,power,535,600,60,1
legacy_cluster_extrapolation_beta1,high_dim_fe,power,536,600,60,1
legacy_cluster_extrapolation_beta1,high_dim_fe,power,537,600,60,1
legacy_cluster_extrapolation_beta1,high_dim_fe,power,538,600,60,1
legacy_cluster_extrapolation_beta1,high_dim_fe,power,539,600,60,1
legacy_cluster_extrapolation_beta1,high_dim_fe,power,540,600,60,1
legacy_cluster_extrapolation_beta1,high_dim_fe,power,541,600,60,1
legacy_cluster_extrapolation_beta1,high_dim_fe,power,542,600,60,1
legacy_cluster_extrapolation_beta1,high_dim_fe,power,543,600,60,1
legacy_cluster_extrapolation_beta1,high_dim_fe,power,544,600,60,1
legacy_cluster_extrapolation_beta1,high_dim_fe,power,545,600,60,1
legacy_cluster_extrapolation_beta1,high_dim_fe,power,546,600,60,1
legacy_cluster_extrapolation_beta1,high_dim_fe,power,547,600,60,1
legacy_cluster_extrapolation_beta1,high_dim_fe,power,548,600,60,1
legacy_cluster_extrapolation_beta1,high_dim_fe,power,549,600,60,1
legacy_cluster_extrapolation_beta1,high_dim_fe,power,550,600,60,1
legacy_cluster_extrapolation_beta1,high_dim_fe,power,551,600,60,1
legacy_cluster_extrapolation_beta1,high_dim_fe,power,552,600,60,1
legacy_cluster_extrapolation_beta1,high_dim_fe,power,553,600,60,1
legacy_cluster_extrapolation_beta1,high_dim_fe,power,554,600,60,1
legacy_cluster_extrapolation_beta1,high_dim_fe,power,555,600,60,1
legacy_cluster_extrapolation_beta1,high_dim_fe,power,556,600,60,1
legacy_cluster_extrapolation_beta1,high_dim_fe,power,557,600,60,1
legacy_cluster_extrapolation_beta1,high_dim_fe,power,558,600,60,1
legacy_cluster_extrapolation_beta1,high_dim_fe,power,559,600,60,1
legacy_cluster_extrapolation_beta1,high_dim_fe,power,560,600,60,1
legacy_cluster_extrapolation_beta1,high_dim_fe,power,561,600,60,1
legacy_cluster_extrapolation_beta1,high_dim_fe,power,562,600,60,1
legacy_cluster_extrapolation_beta1,high_dim_fe,power,563,600,60,1
legacy_cluster_extrapolation_beta1,high_dim_fe,power,564,600,60,1
legacy_cluster_extrapolation_beta1,high_dim_fe,power,565,600,60,1
legacy_cluster_extrapolation_beta1,high_dim_fe,power,566,600,60,1
legacy_cluster_extrapolation_beta1,high_dim_fe,power,567,600,60,1
legacy_cluster_extrapolation_beta1,high_dim_fe,power,568,600,60,1
legacy_cluster_extrapolation_beta1,high_dim_fe,power,569,600,60,1
legacy_cluster_extrapolation_beta1,high_dim_fe,power,570,600,60,1
legacy_cluster_extrapolation_beta1,high_dim_fe,power,571,600,60,1
legacy_cluster_extrapolation_beta1,high_dim_fe,power,572,600,60,1
legacy_cluster_extrapolation_beta1,high_dim_fe,power,573,600,60,1
legacy_cluster_extrapolation_beta1,high_dim_fe,power,574,600,60,1
legacy_cluster_extrapolation_beta1,high_dim_fe,power,575,600,60,1
legacy_cluster_extrapolation_beta1,high_dim_fe,power,576,600,60,1
legacy_cluster_extrapolation_beta1,high_dim_fe,power,577,600,60,1
legacy_cluster_extrapolation_beta1,high_dim_fe,power,578,600,60,1
legacy_cluster_extrapolation_beta1,high_dim_fe,power,579,600,60,1
legacy_cluster_extrapolation_beta1,high_dim_fe,power,580,600,60,1
legacy_cluster_extrapolation_beta1,high_dim_fe,power,581,600,60,1
legacy_cluster_extrapolation_beta1,high_dim_fe,power,582,600,60,1
legacy_cluster_extrapolation_beta1,high_dim_fe,power,583,600,60,1
legacy_cluster_extrapolation_beta1,high_dim_fe,power,584,600,60,1
legacy_cluster_extrapolation_beta1,high_dim_fe,power,585,600,60,1
legacy_cluster_extrapolation_beta1,high_dim_fe,power,586,600,60,1
legacy_cluster_extrapolation_beta1,high_dim_fe,power,587,600,60,1
legacy_cluster_extrapolation_beta1,high_dim_fe,power,588,600,60,1
legacy_cluster_extrapolation_beta1,high_dim_fe,power,589,600,60,1
legacy_cluster_extrapolation_beta1,high_dim_fe,power,590,600,60,1
legacy_cluster_extrapolation_beta1,high_dim_fe,power,591,600,60,1
legacy_cluster_extrapolation_beta1,high_dim_fe,power,592,600,60,1
legacy_cluster_extrapolation_beta1,high_dim_fe,power,593,600,60,1
legacy_cluster_extrapolation_beta1,high_dim_fe,power,594,600,60,1
legacy_cluster_extrapolation_beta1,high_dim_fe,power,595,600,60,1
legacy_cluster_extrapolation_beta1,high_dim_fe,power,596,600,60,1
legacy_cluster_extrapolation_beta1,high_dim_fe,power,597,600,60,1
legacy_cluster_extrapolation_beta1,high_dim_fe,power,598,600,60,1
legacy_cluster_extrapolation_beta1,high_dim_fe,power,599,600,60,1
legacy_cluster_extrapolation_beta1,high_dim_fe,power,600,600,60,1
legacy_cluster_extrapolation_beta1,high_dim_fe,power,601,600,60,1
legacy_cluster_extrapolation_beta1,high_dim_fe,power,602,600,60,1
legacy_cluster_extrapolation_beta1,high_dim_fe,power,603,600,60,1
legacy_cluster_extrapolation_beta1,high_dim_fe,power,604,600,60,1
legacy_cluster_extrapolation_beta1,serial,typeI,505,120,100,0
legacy_cluster_extrapolation_beta1,serial,typeI,506,120,100,1
legacy_cluster_extrapolation_beta1,serial,typeI,507,120,100,0
legacy_cluster_extrapolation_beta1,serial,typeI,508,120,100,1
legacy_cluster_extrapolation_beta1,serial,typeI,509,120,100,0
legacy_cluster_extrapolation_beta1,serial,typeI,510,120,100,0
legacy_cluster_extrapolation_beta1,serial,typeI,511,120,100,0
legacy_cluster_extrapolation_beta1,serial,typeI,512,120,100,0
legacy_cluster_extrapolation_beta1,serial,typeI,513,120,100,0
legacy_cluster_extrapolation_beta1,serial,typeI,514,120,100,0
legacy_cluster_extrapolation_beta1,serial,typeI,515,120,100,0
legacy_cluster_extrapolation_beta1,serial,typeI,516,120,100,0
legacy_cluster_extrapolation_beta1,serial,typeI,517,120,100,0
legacy_cluster_extrapolation_beta1,serial,typeI,518,120,100,1
legacy_cluster_extrapolation_beta1,serial,typeI,519,120,100,0
legacy_cluster_extrapolation_beta1,serial,typeI,520,120,100,0
legacy_cluster_extrapolation_beta1,serial,typeI,521,120,100,0
legacy_cluster_extrapolation_beta1,serial,typeI,522,120,100,1
legacy_cluster_extrapolation_beta1,serial,typeI,523,120,100,0
legacy_cluster_extrapolation_beta1,serial,typeI,524,120,100,0
legacy_cluster_extrapolation_beta1,serial,typeI,525,120,100,0
legacy_cluster_extrapolation_beta1,serial,typeI,526,120,100,0
legacy_cluster_extrapolation_beta1,serial,typeI,527,120,100,0
legacy_cluster_extrapolation_beta1,serial,typeI,528,120,100,0
legacy_cluster_extrapolation_beta1,serial,typeI,529,120,100,0
legacy_cluster_extrapolation_beta1,serial,typeI,530,120,100,0
legacy_cluster_extrapolation_beta1,serial,typeI,531,120,100,0
legacy_cluster_extrapolation_beta1,serial,typeI,532,120,100,0
legacy_cluster_extrapolation_beta1,serial,typeI,533,120,100,0
legacy_cluster_extrapolation_beta1,serial,typeI,534,120,100,0
legacy_cluster_extrapolation_beta1,serial,typeI,535,120,100,0
legacy_cluster_extrapolation_beta1,serial,typeI,536,120,100,0
legacy_cluster_extrapolation_beta1,serial,typeI,537,120,100,0
legacy_cluster_extrapolation_beta1,serial,typeI,538,120,100,0
legacy_cluster_extrapolation_beta1,serial,typeI,539,120,100,0
legacy_cluster_extrapolation_beta1,serial,typeI,540,120,100,0
legacy_cluster_extrapolation_beta1,serial,typeI,541,120,100,0
legacy_cluster_extrapolation_beta1,serial,typeI,542,120,100,0
legacy_cluster_extrapolation_beta1,serial,typeI,543,120,100,0
legacy_cluster_extrapolation_beta1,serial,typeI,544,120,100,0
legacy_cluster_extrapolation_beta1,serial,typeI,545,120,100,0
legacy_cluster_extrapolation_beta1,serial,typeI,546,120,100,1
legacy_cluster_extrapolation_beta1,serial,typeI,547,120,100,0
legacy_cluster_extrapolation_beta1,serial,typeI,548,120,100,0
legacy_cluster_extrapolation_beta1,serial,typeI,549,120,100,0
legacy_cluster_extrapolation_beta1,serial,typeI,550,120,100,0
legacy_cluster_extrapolation_beta1,serial,typeI,551,120,100,0
legacy_cluster_extrapolation_beta1,serial,typeI,552,120,100,0
legacy_cluster_extrapolation_beta1,serial,typeI,553,120,100,0
legacy_cluster_extrapolation_beta1,serial,typeI,554,120,100,1
legacy_cluster_extrapolation_beta1,serial,typeI,555,120,100,0
legacy_cluster_extrapolation_beta1,serial,typeI,556,120,100,0
legacy_cluster_extrapolation_beta1,serial,typeI,557,120,100,0
legacy_cluster_extrapolation_beta1,serial,typeI,558,120,100,0
legacy_cluster_extrapolation_beta1,serial,typeI,559,120,100,0
legacy_cluster_extrapolation_beta1,serial,typeI,560,120,100,0
legacy_cluster_extrapolation_beta1,serial,typeI,561,120,100,0
legacy_cluster_extrapolation_beta1,serial,typeI,562,120,100,0
legacy_cluster_extrapolation_beta1,serial,typeI,563,120,100,1
legacy_cluster_extrapolation_beta1,serial,typeI,564,120,100,0
legacy_cluster_extrapolation_beta1,serial,typeI,565,120,100,0
legacy_cluster_extrapolation_beta1,serial,typeI,566,120,100,0
legacy_cluster_extrapolation_beta1,serial,typeI,567,120,100,0
legacy_cluster_extrapolation_beta1,serial,typeI,568,120,100,0
legacy_cluster_extrapolation_beta1,serial,typeI,569,120,100,1
legacy_cluster_extrapolation_beta1,serial,typeI,570,120,100,0
legacy_cluster_extrapolation_beta1,serial,typeI,571,120,100,0
legacy_cluster_extrapolation_beta1,serial,typeI,572,120,100,0
legacy_cluster_extrapolation_beta1,serial,typeI,573,120,100,0
legacy_cluster_extrapolation_beta1,serial,typeI,574,120,100,0
legacy_cluster_extrapolation_beta1,serial,typeI,575,120,100,0
legacy_cluster_extrapolation_beta1,serial,typeI,576,120,100,0
legacy_cluster_extrapolation_beta1,serial,typeI,577,120,100,0
legacy_cluster_extrapolation_beta1,serial,typeI,578,120,100,0
legacy_cluster_extrapolation_beta1,serial,typeI,579,120,100,0
legacy_cluster_extrapolation_beta1,serial,typeI,580,120,100,0
legacy_cluster_extrapolation_beta1,serial,typeI,581,120,100,0
legacy_cluster_extrapolation_beta1,serial,typeI,582,120,100,0
legacy_cluster_extrapolation_beta1,serial,typeI,583,120,100,0
legacy_cluster_extrapolation_beta1,serial,typeI,584,120,100,0
legacy_cluster_extrapolation_beta1,serial,typeI,585,120,100,0
legacy_cluster_extrapolation_beta1,serial,typeI,586,120,100,0
legacy_cluster_extrapolation_beta1,serial,typeI,587,120,100,0
legacy_cluster_extrapolation_beta1,serial,typeI,588,120,100,0
legacy_cluster_extrapolation_beta1,serial,typeI,589,120,100,0
legacy_cluster_extrapolation_beta1,serial,typeI,590,120,100,0
legacy_cluster_extrapolation_beta1,serial,typeI,591,120,100,0
legacy_cluster_extrapolation_beta1,serial,typeI,592,120,100,0
legacy_cluster_extrapolation_beta1,serial,typeI,593,120,100,0
legacy_cluster_extrapolation_beta1,serial,typeI,594,120,100,0
legacy_cluster_extrapolation_beta1,serial,typeI,595,120,100,0
legacy_cluster_extrapolation_beta1,serial,typeI,596,120,100,0
legacy_cluster_extrapolation_beta1,serial,typeI,597,120,100,0
legacy_cluster_extrapolation_beta1,serial,typeI,598,120,100,0
legacy_cluster_extrapolation_beta1,serial,typeI,599,120,100,1
legacy_cluster_extrapolation_beta1,serial,typeI,600,120,100,0
legacy_cluster_extrapolation_beta1,serial,typeI,601,120,100,0
legacy_cluster_extrapolation_beta1,serial,typeI,602,120,100,0
legacy_cluster_extrapolation_beta1,serial,typeI,603,120,100,0
legacy_cluster_extrapolation_beta1,serial,typeI,604,120,100,0
legacy_cluster_extrapolation_beta1,serial,typeI,605,120,100,0
legacy_cluster_extrapolation_beta1,serial,typeI,606,120,100,0
legacy_cluster_extrapolation_beta1,serial,typeI,607,120,100,0
legacy_cluster_extrapolation_beta1,serial,typeI,608,120,100,0
legacy_cluster_extrapolation_beta1,serial,typeI,609,120,100,0
legacy_cluster_extrapolation_beta1,serial,typeI,610,120,100,1
legacy_cluster_extrapolation_beta1,serial,typeI,611,120,100,0
legacy_cluster_extrapolation_beta1,serial,typeI,612,120,100,0
legacy_cluster_extrapolation_beta1,serial,typeI,613,120,100,1
legacy_cluster_extrapolation_beta1,serial,typeI,614,120,100,0
legacy_cluster_extrapolation_beta1,serial,typeI,615,120,100,0
legacy_cluster_extrapolation_beta1,serial,typeI,616,120,100,1
legacy_cluster_extrapolation_beta1,serial,typeI,617,120,100,0
legacy_cluster_extrapolation_beta1,serial,typeI,618,120,100,0
legacy_cluster_extrapolation_beta1,serial,typeI,619,120,100,1
legacy_cluster_extrapolation_beta1,serial,typeI,620,120,100,0
legacy_cluster_extrapolation_beta1,serial,typeI,621,120,100,0
legacy_cluster_extrapolation_beta1,serial,typeI,622,120,100,0
legacy_cluster_extrapolation_beta1,serial,typeI,623,120,100,0
legacy_cluster_extrapolation_beta1,serial,typeI,624,120,100,0
legacy_cluster_extrapolation_beta1,serial,typeI,625,120,100,0
legacy_cluster_extrapolation_beta1,serial,typeI,626,120,100,0
legacy_cluster_extrapolation_beta1,serial,typeI,627,120,100,0
legacy_cluster_extrapolation_beta1,serial,typeI,628,120,100,0
legacy_cluster_extrapolation_beta1,serial,typeI,629,120,100,0
legacy_cluster_extrapolation_beta1,serial,typeI,630,120,100,0
legacy_cluster_extrapolation_beta1,serial,typeI,631,120,100,0
legacy_cluster_extrapolation_beta1,serial,typeI,632,120,100,0
legacy_cluster_extrapolation_beta1,serial,typeI,633,120,100,0
legacy_cluster_extrapolation_beta1,serial,typeI,634,120,100,0
legacy_cluster_extrapolation_beta1,serial,typeI,635,120,100,0
legacy_cluster_extrapolation_beta1,serial,typeI,636,120,100,0
legacy_cluster_extrapolation_beta1,serial,typeI,637,120,100,0
legacy_cluster_extrapolation_beta1,serial,typeI,638,120,100,0
legacy_cluster_extrapolation_beta1,serial,typeI,639,120,100,0
legacy_cluster_extrapolation_beta1,serial,typeI,640,120,100,0
legacy_cluster_extrapolation_beta1,serial,typeI,641,120,100,0
legacy_cluster_extrapolation_beta1,serial,typeI,642,120,100,0
legacy_cluster_extrapolation_beta1,serial,typeI,643,120,100,0
legacy_cluster_extrapolation_beta1,serial,typeI,644,120,100,0
legacy_cluster_extrapolation_beta1,serial,typeI,645,120,100,0
legacy_cluster_extrapolation_beta1,serial,typeI,646,120,100,0
legacy_cluster_extrapolation_beta1,serial,typeI,647,120,100,0
legacy_cluster_extrapolation_beta1,serial,typeI,648,120,100,0
legacy_cluster_extrapolation_beta1,serial,typeI,649,120,100,0
legacy_cluster_extrapolation_beta1,serial,typeI,650,120,100,0
legacy_cluster_extrapolation_beta1,serial,typeI,651,120,100,0
legacy_cluster_extrapolation_beta1,serial,typeI,652,120,100,0
legacy_cluster_extrapolation_beta1,serial,typeI,653,120,100,0
legacy_cluster_extrapolation_beta1,serial,typeI,654,120,100,0
legacy_cluster_extrapolation_beta1,serial,typeI,655,120,100,0
legacy_cluster_extrapolation_beta1,serial,typeI,656,120,100,0
legacy_cluster_extrapolation_beta1,serial,typeI,657,120,100,0
legacy_cluster_extrapolation_beta1,serial,typeI,658,120,100,0
legacy_cluster_extrapolation_beta1,serial,typeI,659,120,100,0
legacy_cluster_extrapolation_beta1,serial,typeI,660,120,100,0
legacy_cluster_extrapolation_beta1,serial,typeI,661,120,100,0
legacy_cluster_extrapolation_beta1,serial,typeI,662,120,100,0
legacy_cluster_extrapolation_beta1,serial,typeI,663,120,100,0
legacy_cluster_extrapolation_beta1,serial,typeI,664,120,100,0
legacy_cluster_extrapolation_beta1,serial,typeI,665,120,100,0
legacy_cluster_extrapolation_beta1,serial,typeI,666,120,100,0
legacy_cluster_extrapolation_beta1,serial,typeI,667,120,100,0
legacy_cluster_extrapolation_beta1,serial,typeI,668,120,100,0
legacy_cluster_extrapolation_beta1,serial,typeI,669,120,100,1
legacy_cluster_extrapolation_beta1,serial,typeI,670,120,100,0
legacy_cluster_extrapolation_beta1,serial,typeI,671,120,100,0
legacy_cluster_extrapolation_beta1,serial,typeI,672,120,100,1
legacy_cluster_extrapolation_beta1,serial,typeI,673,120,100,0
legacy_cluster_extrapolation_beta1,serial,typeI,674,120,100,0
legacy_cluster_extrapolation_beta1,serial,typeI,675,120,100,0
legacy_cluster_extrapolation_beta1,serial,typeI,676,120,100,0
legacy_cluster_extrapolation_beta1,serial,typeI,677,120,100,0
legacy_cluster_extrapolation_beta1,serial,typeI,678,120,100,0
legacy_cluster_extrapolation_beta1,serial,typeI,679,120,100,0
legacy_cluster_extrapolation_beta1,serial,typeI,680,120,100,0
legacy_cluster_extrapolation_beta1,serial,typeI,681,120,100,0
legacy_cluster_extrapolation_beta1,serial,typeI,682,120,100,0
legacy_cluster_extrapolation_beta1,serial,typeI,683,120,100,0
legacy_cluster_extrapolation_beta1,serial,typeI,684,120,100,0
legacy_cluster_extrapolation_beta1,serial,typeI,685,120,100,0
legacy_cluster_extrapolation_beta1,serial,typeI,686,120,100,1
legacy_cluster_extrapolation_beta1,serial,typeI,687,120,100,0
legacy_cluster_extrapolation_beta1,serial,typeI,688,120,100,0
legacy_cluster_extrapolation_beta1,serial,typeI,689,120,100,0
legacy_cluster_extrapolation_beta1,serial,typeI,690,120,100,1
legacy_cluster_extrapolation_beta1,serial,typeI,691,120,100,0
legacy_cluster_extrapolation_beta1,serial,typeI,692,120,100,0
legacy_cluster_extrapolation_beta1,serial,typeI,693,120,100,0
legacy_cluster_extrapolation_beta1,serial,typeI,694,120,100,0
legacy_cluster_extrapolation_beta1,serial,typeI,695,120,100,0
legacy_cluster_extrapolation_beta1,serial,typeI,696,120,100,0
legacy_cluster_extrapolation_beta1,serial,typeI,697,120,100,0
legacy_cluster_extrapolation_beta1,serial,typeI,698,120,100,0
legacy_cluster_extrapolation_beta1,serial,typeI,699,120,100,0
legacy_cluster_extrapolation_beta1,serial,typeI,700,120,100,0
legacy_cluster_extrapolation_beta1,serial,typeI,701,120,100,0
legacy_cluster_extrapolation_beta1,serial,typeI,702,120,100,0
legacy_cluster_extrapolation_beta1,serial,typeI,703,120,100,0
legacy_cluster_extrapolation_beta1,serial,typeI,704,120,100,0
legacy_cluster_extrapolation_beta1,serial,power,505,120,100,1
legacy_cluster_extrapolation_beta1,serial,power,506,120,100,1
legacy_cluster_extrapolation_beta1,serial,power,507,120,100,1
legacy_cluster_extrapolation_beta1,serial,power,508,120,100,1
legacy_cluster_extrapolation_beta1,serial,power,509,120,100,1
legacy_cluster_extrapolation_beta1,serial,power,510,120,100,1
legacy_cluster_extrapolation_beta1,serial,power,511,120,100,1
legacy_cluster_extrapolation_beta1,serial,power,512,120,100,1
legacy_cluster_extrapolation_beta1,serial,power,513,120,100,1
legacy_cluster_extrapolation_beta1,serial,power,514,120,100,1
legacy_cluster_extrapolation_beta1,serial,power,515,120,100,1
legacy_cluster_extrapolation_beta1,serial,power,516,120,100,1
legacy_cluster_extrapolation_beta1,serial,power,517,120,100,1
legacy_cluster_extrapolation_beta1,serial,power,518,120,100,1
legacy_cluster_extrapolation_beta1,serial,power,519,120,100,1
legacy_cluster_extrapolation_beta1,serial,power,520,120,100,1
legacy_cluster_extrapolation_beta1,serial,power,521,120,100,1
legacy_cluster_extrapolation_beta1,serial,power,522,120,100,1
legacy_cluster_extrapolation_beta1,serial,power,523,120,100,1
legacy_cluster_extrapolation_beta1,serial,power,524,120,100,1
legacy_cluster_extrapolation_beta1,serial,power,525,120,100,1
legacy_cluster_extrapolation_beta1,serial,power,526,120,100,1
legacy_cluster_extrapolation_beta1,serial,power,527,120,100,1
legacy_cluster_extrapolation_beta1,serial,power,528,120,100,1
legacy_cluster_extrapolation_beta1,serial,power,529,120,100,1
legacy_cluster_extrapolation_beta1,serial,power,530,120,100,1
legacy_cluster_extrapolation_beta1,serial,power,531,120,100,1
legacy_cluster_extrapolation_beta1,serial,power,532,120,100,1
legacy_cluster_extrapolation_beta1,serial,power,533,120,100,1
legacy_cluster_extrapolation_beta1,serial,power,534,120,100,1
legacy_cluster_extrapolation_beta1,serial,power,535,120,100,1
legacy_cluster_extrapolation_beta1,serial,power,536,120,100,1
legacy_cluster_extrapolation_beta1,serial,power,537,120,100,1
legacy_cluster_extrapolation_beta1,serial,power,538,120,100,1
legacy_cluster_extrapolation_beta1,serial,power,539,120,100,1
legacy_cluster_extrapolation_beta1,serial,power,540,120,100,1
legacy_cluster_extrapolation_beta1,serial,power,541,120,100,1
legacy_cluster_extrapolation_beta1,serial,power,542,120,100,1
legacy_cluster_extrapolation_beta1,serial,power,543,120,100,1
legacy_cluster_extrapolation_beta1,serial,power,544,120,100,1
legacy_cluster_extrapolation_beta1,serial,power,545,120,100,1
legacy_cluster_extrapolation_beta1,serial,power,546,120,100,1
legacy_cluster_extrapolation_beta1,serial,power,547,120,100,1
legacy_cluster_extrapolation_beta1,serial,power,548,120,100,1
legacy_cluster_extrapolation_beta1,serial,power,549,120,100,1
legacy_cluster_extrapolation_beta1,serial,power,550,120,100,1
legacy_cluster_extrapolation_beta1,serial,power,551,120,100,1
legacy_cluster_extrapolation_beta1,serial,power,552,120,100,1
legacy_cluster_extrapolation_beta1,serial,power,553,120,100,1
legacy_cluster_extrapolation_beta1,serial,power,554,120,100,1
legacy_cluster_extrapolation_beta1,serial,power,555,120,100,1
legacy_cluster_extrapolation_beta1,serial,power,556,120,100,1
legacy_cluster_extrapolation_beta1,serial,power,557,120,100,1
legacy_cluster_extrapolation_beta1,serial,power,558,120,100,1
legacy_cluster_extrapolation_beta1,serial,power,559,120,100,1
legacy_cluster_extrapolation_beta1,serial,power,560,120,100,1
legacy_cluster_extrapolation_beta1,serial,power,561,120,100,1
legacy_cluster_extrapolation_beta1,serial,power,562,120,100,1
legacy_cluster_extrapolation_beta1,serial,power,563,120,100,1
legacy_cluster_extrapolation_beta1,serial,power,564,120,100,1
legacy_cluster_extrapolation_beta1,serial,power,565,120,100,1
legacy_cluster_extrapolation_beta1,serial,power,566,120,100,1
legacy_cluster_extrapolation_beta1,serial,power,567,120,100,1
legacy_cluster_extrapolation_beta1,serial,power,568,120,100,1
legacy_cluster_extrapolation_beta1,serial,power,569,120,100,1
legacy_cluster_extrapolation_beta1,serial,power,570,120,100,1
legacy_cluster_extrapolation_beta1,serial,power,571,120,100,1
legacy_cluster_extrapolation_beta1,serial,power,572,120,100,1
legacy_cluster_extrapolation_beta1,serial,power,573,120,100,1
legacy_cluster_extrapolation_beta1,serial,power,574,120,100,1
legacy_cluster_extrapolation_beta1,serial,power,575,120,100,1
legacy_cluster_extrapolation_beta1,serial,power,576,120,100,1
legacy_cluster_extrapolation_beta1,serial,power,577,120,100,1
legacy_cluster_extrapolation_beta1,serial,power,578,120,100,1
legacy_cluster_extrapolation_beta1,serial,power,579,120,100,1
legacy_cluster_extrapolation_beta1,serial,power,580,120,100,1
legacy_cluster_extrapolation_beta1,serial,power,581,120,100,1
legacy_cluster_extrapolation_beta1,serial,power,582,120,100,1
legacy_cluster_extrapolation_beta1,serial,power,583,120,100,1
legacy_cluster_extrapolation_beta1,serial,power,584,120,100,1
legacy_cluster_extrapolation_beta1,serial,power,585,120,100,1
legacy_cluster_extrapolation_beta1,serial,power,586,120,100,1
legacy_cluster_extrapolation_beta1,serial,power,587,120,100,1
legacy_cluster_extrapolation_beta1,serial,power,588,120,100,1
legacy_cluster_extrapolation_beta1,serial,power,589,120,100,1
legacy_cluster_extrapolation_beta1,serial,power,590,120,100,1
legacy_cluster_extrapolation_beta1,serial,power,591,120,100,1
legacy_cluster_extrapolation_beta1,serial,power,592,120,100,1
legacy_cluster_extrapolation_beta1,serial,power,593,120,100,1
legacy_cluster_extrapolation_beta1,serial,power,594,120,100,1
legacy_cluster_extrapolation_beta1,serial,power,595,120,100,1
legacy_cluster_extrapolation_beta1,serial,power,596,120,100,1
legacy_cluster_extrapolation_beta1,serial,power,597,120,100,1
legacy_cluster_extrapolation_beta1,serial,power,598,120,100,1
legacy_cluster_extrapolation_beta1,serial,power,599,120,100,1
legacy_cluster_extrapolation_beta1,serial,power,600,120,100,1
legacy_cluster_extrapolation_beta1,serial,power,601,120,100,1
legacy_cluster_extrapolation_beta1,serial,power,602,120,100,1
legacy_cluster_extrapolation_beta1,serial,power,603,120,100,1
legacy_cluster_extrapolation_beta1,serial,power,604,120,100,1
legacy_cluster_extrapolation_beta1,serial,power,605,120,100,1
legacy_cluster_extrapolation_beta1,serial,power,606,120,100,1
legacy_cluster_extrapolation_beta1,serial,power,607,120,100,1
legacy_cluster_extrapolation_beta1,serial,power,608,120,100,1
legacy_cluster_extrapolation_beta1,serial,power,609,120,100,1
legacy_cluster_extrapolation_beta1,serial,power,610,120,100,1
legacy_cluster_extrapolation_beta1,serial,power,611,120,100,1
legacy_cluster_extrapolation_beta1,serial,power,612,120,100,1
legacy_cluster_extrapolation_beta1,serial,power,613,120,100,1
legacy_cluster_extrapolation_beta1,serial,power,614,120,100,1
legacy_cluster_extrapolation_beta1,serial,power,615,120,100,1
legacy_cluster_extrapolation_beta1,serial,power,616,120,100,1
legacy_cluster_extrapolation_beta1,serial,power,617,120,100,1
legacy_cluster_extrapolation_beta1,serial,power,618,120,100,1
legacy_cluster_extrapolation_beta1,serial,power,619,120,100,1
legacy_cluster_extrapolation_beta1,serial,power,620,120,100,1
legacy_cluster_extrapolation_beta1,serial,power,621,120,100,1
legacy_cluster_extrapolation_beta1,serial,power,622,120,100,1
legacy_cluster_extrapolation_beta1,serial,power,623,120,100,1
legacy_cluster_extrapolation_beta1,serial,power,624,120,100,1
legacy_cluster_extrapolation_beta1,serial,power,625,120,100,1
legacy_cluster_extrapolation_beta1,serial,power,626,120,100,1
legacy_cluster_extrapolation_beta1,serial,power,627,120,100,1
legacy_cluster_extrapolation_beta1,serial,power,628,120,100,1
legacy_cluster_extrapolation_beta1,serial,power,629,120,100,1
legacy_cluster_extrapolation_beta1,serial,power,630,120,100,1
legacy_cluster_extrapolation_beta1,serial,power,631,120,100,0
legacy_cluster_extrapolation_beta1,serial,power,632,120,100,1
legacy_cluster_extrapolation_beta1,serial,power,633,120,100,1
legacy_cluster_extrapolation_beta1,serial,power,634,120,100,1
legacy_cluster_extrapolation_beta1,serial,power,635,120,100,1
legacy_cluster_extrapolation_beta1,serial,power,636,120,100,1
legacy_cluster_extrapolation_beta1,serial,power,637,120,100,1
legacy_cluster_extrapolation_beta1,serial,power,638,120,100,1
legacy_cluster_extrapolation_beta1,serial,power,639,120,100,1
legacy_cluster_extrapolation_beta1,serial,power,640,120,100,0
legacy_cluster_extrapolation_beta1,serial,power,641,120,100,1
legacy_cluster_extrapolation_beta1,serial,power,642,120,100,1
legacy_cluster_extrapolation_beta1,serial,power,643,120,100,1
legacy_cluster_extrapolation_beta1,serial,power,644,120,100,1
legacy_cluster_extrapolation_beta1,serial,power,645,120,100,1
legacy_cluster_extrapolation_beta1,serial,power,646,120,100,1
legacy_cluster_extrapolation_beta1,serial,power,647,120,100,1
legacy_cluster_extrapolation_beta1,serial,power,648,120,100,1
legacy_cluster_extrapolation_beta1,serial,power,649,120,100,1
legacy_cluster_extrapolation_beta1,serial,power,650,120,100,1
legacy_cluster_extrapolation_beta1,serial,power,651,120,100,1
legacy_cluster_extrapolation_beta1,serial,power,652,120,100,1
legacy_cluster_extrapolation_beta1,serial,power,653,120,100,1
legacy_cluster_extrapolation_beta1,serial,power,654,120,100,1
legacy_cluster_extrapolation_beta1,serial,power,655,120,100,1
legacy_cluster_extrapolation_beta1,serial,power,656,120,100,1
legacy_cluster_extrapolation_beta1,serial,power,657,120,100,1
legacy_cluster_extrapolation_beta1,serial,power,658,120,100,1
legacy_cluster_extrapolation_beta1,serial,power,659,120,100,1
legacy_cluster_extrapolation_beta1,serial,power,660,120,100,1
legacy_cluster_extrapolation_beta1,serial,power,661,120,100,1
legacy_cluster_extrapolation_beta1,serial,power,662,120,100,1
legacy_cluster_extrapolation_beta1,serial,power,663,120,100,1
legacy_cluster_extrapolation_beta1,serial,power,664,120,100,1
legacy_cluster_extrapolation_beta1,serial,power,665,120,100,1
legacy_cluster_extrapolation_beta1,serial,power,666,120,100,1
legacy_cluster_extrapolation_beta1,serial,power,667,120,100,1
legacy_cluster_extrapolation_beta1,serial,power,668,120,100,1
legacy_cluster_extrapolation_beta1,serial,power,669,120,100,1
legacy_cluster_extrapolation_beta1,serial,power,670,120,100,1
legacy_cluster_extrapolation_beta1,serial,power,671,120,100,1
legacy_cluster_extrapolation_beta1,serial,power,672,120,100,1
legacy_cluster_extrapolation_beta1,serial,power,673,120,100,1
legacy_cluster_extrapolation_beta1,serial,power,674,120,100,1
legacy_cluster_extrapolation_beta1,serial,power,675,120,100,1
legacy_cluster_extrapolation_beta1,serial,power,676,120,100,1
legacy_cluster_extrapolation_beta1,serial,power,677,120,100,1
legacy_cluster_extrapolation_beta1,serial,power,678,120,100,1
legacy_cluster_extrapolation_beta1,serial,power,679,120,100,1
legacy_cluster_extrapolation_beta1,serial,power,680,120,100,1
legacy_cluster_extrapolation_beta1,serial,power,681,120,100,1
legacy_cluster_extrapolation_beta1,serial,power,682,120,100,1
legacy_cluster_extrapolation_beta1,serial,power,683,120,100,1
legacy_cluster_extrapolation_beta1,serial,power,684,120,100,1
legacy_cluster_extrapolation_beta1,serial,power,685,120,100,1
legacy_cluster_extrapolation_beta1,serial,power,686,120,100,1
legacy_cluster_extrapolation_beta1,serial,power,687,120,100,1
legacy_cluster_extrapolation_beta1,serial,power,688,120,100,1
legacy_cluster_extrapolation_beta1,serial,power,689,120,100,1
legacy_cluster_extrapolation_beta1,serial,power,690,120,100,1
legacy_cluster_extrapolation_beta1,serial,power,691,120,100,1
legacy_cluster_extrapolation_beta1,serial,power,692,120,100,1
legacy_cluster_extrapolation_beta1,serial,power,693,120,100,1
legacy_cluster_extrapolation_beta1,serial,power,694,120,100,1
legacy_cluster_extrapolation_beta1,serial,power,695,120,100,1
legacy_cluster_extrapolation_beta1,serial,power,696,120,100,1
legacy_cluster_extrapolation_beta1,serial,power,697,120,100,1
legacy_cluster_extrapolation_beta1,serial,power,698,120,100,1
legacy_cluster_extrapolation_beta1,serial,power,699,120,100,1
legacy_cluster_extrapolation_beta1,serial,power,700,120,100,1
legacy_cluster_extrapolation_beta1,serial,power,701,120,100,1
legacy_cluster_extrapolation_beta1,serial,power,702,120,100,1
legacy_cluster_extrapolation_beta1,serial,power,703,120,100,1
legacy_cluster_extrapolation_beta1,serial,power,704,120,100,1
legacy_cluster_extrapolation_beta1,overlap,typeI,505,120,98,0
legacy_cluster_extrapolation_beta1,overlap,typeI,506,120,98,0
legacy_cluster_extrapolation_beta1,overlap,typeI,507,120,98,1
legacy_cluster_extrapolation_beta1,overlap,typeI,508,120,98,0
legacy_cluster_extrapolation_beta1,overlap,typeI,509,120,98,0
legacy_cluster_extrapolation_beta1,overlap,typeI,510,120,98,0
legacy_cluster_extrapolation_beta1,overlap,typeI,511,120,98,0
legacy_cluster_extrapolation_beta1,overlap,typeI,512,120,98,0
legacy_cluster_extrapolation_beta1,overlap,typeI,513,120,98,0
legacy_cluster_extrapolation_beta1,overlap,typeI,514,120,98,0
legacy_cluster_extrapolation_beta1,overlap,typeI,515,120,98,0
legacy_cluster_extrapolation_beta1,overlap,typeI,516,120,98,0
legacy_cluster_extrapolation_beta1,overlap,typeI,517,120,98,0
legacy_cluster_extrapolation_beta1,overlap,typeI,518,120,98,0
legacy_cluster_extrapolation_beta1,overlap,typeI,519,120,98,0
legacy_cluster_extrapolation_beta1,overlap,typeI,520,120,98,0
legacy_cluster_extrapolation_beta1,overlap,typeI,521,120,98,0
legacy_cluster_extrapolation_beta1,overlap,typeI,522,120,98,0
legacy_cluster_extrapolation_beta1,overlap,typeI,523,120,98,0
legacy_cluster_extrapolation_beta1,overlap,typeI,524,120,98,1
legacy_cluster_extrapolation_beta1,overlap,typeI,525,120,98,0
legacy_cluster_extrapolation_beta1,overlap,typeI,526,120,98,0
legacy_cluster_extrapolation_beta1,overlap,typeI,527,120,98,1
legacy_cluster_extrapolation_beta1,overlap,typeI,528,120,98,0
legacy_cluster_extrapolation_beta1,overlap,typeI,529,120,98,0
legacy_cluster_extrapolation_beta1,overlap,typeI,530,120,98,0
legacy_cluster_extrapolation_beta1,overlap,typeI,531,120,98,1
legacy_cluster_extrapolation_beta1,overlap,typeI,532,120,98,0
legacy_cluster_extrapolation_beta1,overlap,typeI,533,120,98,0
legacy_cluster_extrapolation_beta1,overlap,typeI,534,120,98,0
legacy_cluster_extrapolation_beta1,overlap,typeI,535,120,98,0
legacy_cluster_extrapolation_beta1,overlap,typeI,536,120,98,0
legacy_cluster_extrapolation_beta1,overlap,typeI,537,120,98,1
legacy_cluster_extrapolation_beta1,overlap,typeI,538,120,98,0
legacy_cluster_extrapolation_beta1,overlap,typeI,539,120,98,0
legacy_cluster_extrapolation_beta1,overlap,typeI,540,120,98,0
legacy_cluster_extrapolation_beta1,overlap,typeI,541,120,98,0
legacy_cluster_extrapolation_beta1,overlap,typeI,542,120,98,1
legacy_cluster_extrapolation_beta1,overlap,typeI,543,120,98,0
legacy_cluster_extrapolation_beta1,overlap,typeI,544,120,98,0
legacy_cluster_extrapolation_beta1,overlap,typeI,545,120,98,0
legacy_cluster_extrapolation_beta1,overlap,typeI,546,120,98,0
legacy_cluster_extrapolation_beta1,overlap,typeI,547,120,98,0
legacy_cluster_extrapolation_beta1,overlap,typeI,548,120,98,0
legacy_cluster_extrapolation_beta1,overlap,typeI,549,120,98,0
legacy_cluster_extrapolation_beta1,overlap,typeI,550,120,98,0
legacy_cluster_extrapolation_beta1,overlap,typeI,551,120,98,0
legacy_cluster_extrapolation_beta1,overlap,typeI,552,120,98,0
legacy_cluster_extrapolation_beta1,overlap,typeI,553,120,98,0
legacy_cluster_extrapolation_beta1,overlap,typeI,554,120,98,0
legacy_cluster_extrapolation_beta1,overlap,typeI,555,120,98,0
legacy_cluster_extrapolation_beta1,overlap,typeI,556,120,98,0
legacy_cluster_extrapolation_beta1,overlap,typeI,557,120,98,0
legacy_cluster_extrapolation_beta1,overlap,typeI,558,120,98,0
legacy_cluster_extrapolation_beta1,overlap,typeI,559,120,98,0
legacy_cluster_extrapolation_beta1,overlap,typeI,560,120,98,0
legacy_cluster_extrapolation_beta1,overlap,typeI,561,120,98,0
legacy_cluster_extrapolation_beta1,overlap,typeI,562,120,98,0
legacy_cluster_extrapolation_beta1,overlap,typeI,563,120,98,0
legacy_cluster_extrapolation_beta1,overlap,typeI,564,120,98,0
legacy_cluster_extrapolation_beta1,overlap,typeI,565,120,98,0
legacy_cluster_extrapolation_beta1,overlap,typeI,566,120,98,0
legacy_cluster_extrapolation_beta1,overlap,typeI,567,120,98,0
legacy_cluster_extrapolation_beta1,overlap,typeI,568,120,98,0
legacy_cluster_extrapolation_beta1,overlap,typeI,569,120,98,0
legacy_cluster_extrapolation_beta1,overlap,typeI,570,120,98,0
legacy_cluster_extrapolation_beta1,overlap,typeI,571,120,98,0
legacy_cluster_extrapolation_beta1,overlap,typeI,572,120,98,0
legacy_cluster_extrapolation_beta1,overlap,typeI,573,120,98,0
legacy_cluster_extrapolation_beta1,overlap,typeI,574,120,98,0
legacy_cluster_extrapolation_beta1,overlap,typeI,575,120,98,0
legacy_cluster_extrapolation_beta1,overlap,typeI,576,120,98,0
legacy_cluster_extrapolation_beta1,overlap,typeI,577,120,98,0
legacy_cluster_extrapolation_beta1,overlap,typeI,578,120,98,0
legacy_cluster_extrapolation_beta1,overlap,typeI,579,120,98,0
legacy_cluster_extrapolation_beta1,overlap,typeI,580,120,98,0
legacy_cluster_extrapolation_beta1,overlap,typeI,581,120,98,0
legacy_cluster_extrapolation_beta1,overlap,typeI,582,120,98,0
legacy_cluster_extrapolation_beta1,overlap,typeI,583,120,98,0
legacy_cluster_extrapolation_beta1,overlap,typeI,584,120,98,0
legacy_cluster_extrapolation_beta1,overlap,typeI,585,120,98,0
legacy_cluster_extrapolation_beta1,overlap,typeI,586,120,98,0
legacy_cluster_extrapolation_beta1,overlap,typeI,587,120,98,0
legacy_cluster_extrapolation_beta1,overlap,typeI,588,120,98,0
legacy_cluster_extrapolation_beta1,overlap,typeI,589,120,98,0
legacy_cluster_extrapolation_beta1,overlap,typeI,590,120,98,0
legacy_cluster_extrapolation_beta1,overlap,typeI,591,120,98,0
legacy_cluster_extrapolation_beta1,overlap,typeI,592,120,98,0
legacy_cluster_extrapolation_beta1,overlap,typeI,593,120,98,0
legacy_cluster_extrapolation_beta1,overlap,typeI,594,120,98,0
legacy_cluster_extrapolation_beta1,overlap,typeI,595,120,98,0
legacy_cluster_extrapolation_beta1,overlap,typeI,596,120,98,1
legacy_cluster_extrapolation_beta1,overlap,typeI,597,120,98,1
legacy_cluster_extrapolation_beta1,overlap,typeI,598,120,98,0
legacy_cluster_extrapolation_beta1,overlap,typeI,599,120,98,0
legacy_cluster_extrapolation_beta1,overlap,typeI,600,120,98,0
legacy_cluster_extrapolation_beta1,overlap,typeI,601,120,98,0
legacy_cluster_extrapolation_beta1,overlap,typeI,602,120,98,1
legacy_cluster_extrapolation_beta1,overlap,typeI,603,120,98,0
legacy_cluster_extrapolation_beta1,overlap,typeI,604,120,98,0
legacy_cluster_extrapolation_beta1,overlap,typeI,605,120,98,0
legacy_cluster_extrapolation_beta1,overlap,typeI,606,120,98,0
legacy_cluster_extrapolation_beta1,overlap,typeI,607,120,98,0
legacy_cluster_extrapolation_beta1,overlap,typeI,608,120,98,0
legacy_cluster_extrapolation_beta1,overlap,typeI,609,120,98,0
legacy_cluster_extrapolation_beta1,overlap,typeI,610,120,98,0
legacy_cluster_extrapolation_beta1,overlap,typeI,611,120,98,0
legacy_cluster_extrapolation_beta1,overlap,typeI,612,120,98,0
legacy_cluster_extrapolation_beta1,overlap,typeI,613,120,98,0
legacy_cluster_extrapolation_beta1,overlap,typeI,614,120,98,0
legacy_cluster_extrapolation_beta1,overlap,typeI,615,120,98,0
legacy_cluster_extrapolation_beta1,overlap,typeI,616,120,98,0
legacy_cluster_extrapolation_beta1,overlap,typeI,617,120,98,0
legacy_cluster_extrapolation_beta1,overlap,typeI,618,120,98,0
legacy_cluster_extrapolation_beta1,overlap,typeI,619,120,98,0
legacy_cluster_extrapolation_beta1,overlap,typeI,620,120,98,0
legacy_cluster_extrapolation_beta1,overlap,typeI,621,120,98,0
legacy_cluster_extrapolation_beta1,overlap,typeI,622,120,98,0
legacy_cluster_extrapolation_beta1,overlap,typeI,623,120,98,0
legacy_cluster_extrapolation_beta1,overlap,typeI,624,120,98,1
legacy_cluster_extrapolation_beta1,overlap,typeI,625,120,98,1
legacy_cluster_extrapolation_beta1,overlap,typeI,626,120,98,0
legacy_cluster_extrapolation_beta1,overlap,typeI,627,120,98,0
legacy_cluster_extrapolation_beta1,overlap,typeI,628,120,98,0
legacy_cluster_extrapolation_beta1,overlap,typeI,629,120,98,0
legacy_cluster_extrapolation_beta1,overlap,typeI,630,120,98,1
legacy_cluster_extrapolation_beta1,overlap,typeI,631,120,98,1
legacy_cluster_extrapolation_beta1,overlap,typeI,632,120,98,0
legacy_cluster_extrapolation_beta1,overlap,typeI,633,120,98,0
legacy_cluster_extrapolation_beta1,overlap,typeI,634,120,98,0
legacy_cluster_extrapolation_beta1,overlap,typeI,635,120,98,1
legacy_cluster_extrapolation_beta1,overlap,typeI,636,120,98,0
legacy_cluster_extrapolation_beta1,overlap,typeI,637,120,98,0
legacy_cluster_extrapolation_beta1,overlap,typeI,638,120,98,1
legacy_cluster_extrapolation_beta1,overlap,typeI,639,120,98,0
legacy_cluster_extrapolation_beta1,overlap,typeI,640,120,98,0
legacy_cluster_extrapolation_beta1,overlap,typeI,641,120,98,0
legacy_cluster_extrapolation_beta1,overlap,typeI,642,120,98,1
legacy_cluster_extrapolation_beta1,overlap,typeI,643,120,98,0
legacy_cluster_extrapolation_beta1,overlap,typeI,644,120,98,0
legacy_cluster_extrapolation_beta1,overlap,typeI,645,120,98,0
legacy_cluster_extrapolation_beta1,overlap,typeI,646,120,98,0
legacy_cluster_extrapolation_beta1,overlap,typeI,647,120,98,0
legacy_cluster_extrapolation_beta1,overlap,typeI,648,120,98,0
legacy_cluster_extrapolation_beta1,overlap,typeI,649,120,98,0
legacy_cluster_extrapolation_beta1,overlap,typeI,650,120,98,0
legacy_cluster_extrapolation_beta1,overlap,typeI,651,120,98,0
legacy_cluster_extrapolation_beta1,overlap,typeI,652,120,98,0
legacy_cluster_extrapolation_beta1,overlap,typeI,653,120,98,0
legacy_cluster_extrapolation_beta1,overlap,typeI,654,120,98,0
legacy_cluster_extrapolation_beta1,overlap,typeI,655,120,98,0
legacy_cluster_extrapolation_beta1,overlap,typeI,656,120,98,1
legacy_cluster_extrapolation_beta1,overlap,typeI,657,120,98,0
legacy_cluster_extrapolation_beta1,overlap,typeI,658,120,98,0
legacy_cluster_extrapolation_beta1,overlap,typeI,659,120,98,0
legacy_cluster_extrapolation_beta1,overlap,typeI,660,120,98,0
legacy_cluster_extrapolation_beta1,overlap,typeI,661,120,98,0
legacy_cluster_extrapolation_beta1,overlap,typeI,662,120,98,0
legacy_cluster_extrapolation_beta1,overlap,typeI,663,120,98,0
legacy_cluster_extrapolation_beta1,overlap,typeI,664,120,98,0
legacy_cluster_extrapolation_beta1,overlap,typeI,665,120,98,0
legacy_cluster_extrapolation_beta1,overlap,typeI,666,120,98,1
legacy_cluster_extrapolation_beta1,overlap,typeI,667,120,98,0
legacy_cluster_extrapolation_beta1,overlap,typeI,668,120,98,0
legacy_cluster_extrapolation_beta1,overlap,typeI,669,120,98,0
legacy_cluster_extrapolation_beta1,overlap,typeI,670,120,98,0
legacy_cluster_extrapolation_beta1,overlap,typeI,671,120,98,0
legacy_cluster_extrapolation_beta1,overlap,typeI,672,120,98,0
legacy_cluster_extrapolation_beta1,overlap,typeI,673,120,98,0
legacy_cluster_extrapolation_beta1,overlap,typeI,674,120,98,0
legacy_cluster_extrapolation_beta1,overlap,typeI,675,120,98,0
legacy_cluster_extrapolation_beta1,overlap,typeI,676,120,98,0
legacy_cluster_extrapolation_beta1,overlap,typeI,677,120,98,0
legacy_cluster_extrapolation_beta1,overlap,typeI,678,120,98,0
legacy_cluster_extrapolation_beta1,overlap,typeI,679,120,98,0
legacy_cluster_extrapolation_beta1,overlap,typeI,680,120,98,0
legacy_cluster_extrapolation_beta1,overlap,typeI,681,120,98,0
legacy_cluster_extrapolation_beta1,overlap,typeI,682,120,98,0
legacy_cluster_extrapolation_beta1,overlap,typeI,683,120,98,0
legacy_cluster_extrapolation_beta1,overlap,typeI,684,120,98,0
legacy_cluster_extrapolation_beta1,overlap,typeI,685,120,98,0
legacy_cluster_extrapolation_beta1,overlap,typeI,686,120,98,0
legacy_cluster_extrapolation_beta1,overlap,typeI,687,120,98,0
legacy_cluster_extrapolation_beta1,overlap,typeI,688,120,98,0
legacy_cluster_extrapolation_beta1,overlap,typeI,689,120,98,0
legacy_cluster_extrapolation_beta1,overlap,typeI,690,120,98,1
legacy_cluster_extrapolation_beta1,overlap,typeI,691,120,98,0
legacy_cluster_extrapolation_beta1,overlap,typeI,692,120,98,1
legacy_cluster_extrapolation_beta1,overlap,typeI,693,120,98,1
legacy_cluster_extrapolation_beta1,overlap,typeI,694,120,98,0
legacy_cluster_extrapolation_beta1,overlap,typeI,695,120,98,0
legacy_cluster_extrapolation_beta1,overlap,typeI,696,120,98,0
legacy_cluster_extrapolation_beta1,overlap,typeI,697,120,98,0
legacy_cluster_extrapolation_beta1,overlap,typeI,698,120,98,0
legacy_cluster_extrapolation_beta1,overlap,typeI,699,120,98,0
legacy_cluster_extrapolation_beta1,overlap,typeI,700,120,98,0
legacy_cluster_extrapolation_beta1,overlap,typeI,701,120,98,0
legacy_cluster_extrapolation_beta1,overlap,typeI,702,120,98,0
legacy_cluster_extrapolation_beta1,overlap,typeI,703,120,98,0
legacy_cluster_extrapolation_beta1,overlap,typeI,704,120,98,0
legacy_cluster_extrapolation_beta1,overlap,power,505,120,98,0
legacy_cluster_extrapolation_beta1,overlap,power,506,120,98,1
legacy_cluster_extrapolation_beta1,overlap,power,507,120,98,1
legacy_cluster_extrapolation_beta1,overlap,power,508,120,98,1
legacy_cluster_extrapolation_beta1,overlap,power,509,120,98,1
legacy_cluster_extrapolation_beta1,overlap,power,510,120,98,1
legacy_cluster_extrapolation_beta1,overlap,power,511,120,98,1
legacy_cluster_extrapolation_beta1,overlap,power,512,120,98,0
legacy_cluster_extrapolation_beta1,overlap,power,513,120,98,0
legacy_cluster_extrapolation_beta1,overlap,power,514,120,98,1
legacy_cluster_extrapolation_beta1,overlap,power,515,120,98,1
legacy_cluster_extrapolation_beta1,overlap,power,516,120,98,1
legacy_cluster_extrapolation_beta1,overlap,power,517,120,98,1
legacy_cluster_extrapolation_beta1,overlap,power,518,120,98,1
legacy_cluster_extrapolation_beta1,overlap,power,519,120,98,1
legacy_cluster_extrapolation_beta1,overlap,power,520,120,98,1
legacy_cluster_extrapolation_beta1,overlap,power,521,120,98,0
legacy_cluster_extrapolation_beta1,overlap,power,522,120,98,1
legacy_cluster_extrapolation_beta1,overlap,power,523,120,98,1
legacy_cluster_extrapolation_beta1,overlap,power,524,120,98,1
legacy_cluster_extrapolation_beta1,overlap,power,525,120,98,1
legacy_cluster_extrapolation_beta1,overlap,power,526,120,98,0
legacy_cluster_extrapolation_beta1,overlap,power,527,120,98,1
legacy_cluster_extrapolation_beta1,overlap,power,528,120,98,1
legacy_cluster_extrapolation_beta1,overlap,power,529,120,98,1
legacy_cluster_extrapolation_beta1,overlap,power,530,120,98,1
legacy_cluster_extrapolation_beta1,overlap,power,531,120,98,1
legacy_cluster_extrapolation_beta1,overlap,power,532,120,98,0
legacy_cluster_extrapolation_beta1,overlap,power,533,120,98,1
legacy_cluster_extrapolation_beta1,overlap,power,534,120,98,1
legacy_cluster_extrapolation_beta1,overlap,power,535,120,98,1
legacy_cluster_extrapolation_beta1,overlap,power,536,120,98,1
legacy_cluster_extrapolation_beta1,overlap,power,537,120,98,1
legacy_cluster_extrapolation_beta1,overlap,power,538,120,98,1
legacy_cluster_extrapolation_beta1,overlap,power,539,120,98,1
legacy_cluster_extrapolation_beta1,overlap,power,540,120,98,1
legacy_cluster_extrapolation_beta1,overlap,power,541,120,98,0
legacy_cluster_extrapolation_beta1,overlap,power,542,120,98,1
legacy_cluster_extrapolation_beta1,overlap,power,543,120,98,1
legacy_cluster_extrapolation_beta1,overlap,power,544,120,98,1
legacy_cluster_extrapolation_beta1,overlap,power,545,120,98,1
legacy_cluster_extrapolation_beta1,overlap,power,546,120,98,1
legacy_cluster_extrapolation_beta1,overlap,power,547,120,98,0
legacy_cluster_extrapolation_beta1,overlap,power,548,120,98,0
legacy_cluster_extrapolation_beta1,overlap,power,549,120,98,0
legacy_cluster_extrapolation_beta1,overlap,power,550,120,98,1
legacy_cluster_extrapolation_beta1,overlap,power,551,120,98,0
legacy_cluster_extrapolation_beta1,overlap,power,552,120,98,1
legacy_cluster_extrapolation_beta1,overlap,power,553,120,98,1
legacy_cluster_extrapolation_beta1,overlap,power,554,120,98,1
legacy_cluster_extrapolation_beta1,overlap,power,555,120,98,1
legacy_cluster_extrapolation_beta1,overlap,power,556,120,98,1
legacy_cluster_extrapolation_beta1,overlap,power,557,120,98,1
legacy_cluster_extrapolation_beta1,overlap,power,558,120,98,0
legacy_cluster_extrapolation_beta1,overlap,power,559,120,98,1
legacy_cluster_extrapolation_beta1,overlap,power,560,120,98,0
legacy_cluster_extrapolation_beta1,overlap,power,561,120,98,1
legacy_cluster_extrapolation_beta1,overlap,power,562,120,98,1
legacy_cluster_extrapolation_beta1,overlap,power,563,120,98,1
legacy_cluster_extrapolation_beta1,overlap,power,564,120,98,1
legacy_cluster_extrapolation_beta1,overlap,power,565,120,98,1
legacy_cluster_extrapolation_beta1,overlap,power,566,120,98,1
legacy_cluster_extrapolation_beta1,overlap,power,567,120,98,0
legacy_cluster_extrapolation_beta1,overlap,power,568,120,98,1
legacy_cluster_extrapolation_beta1,overlap,power,569,120,98,0
legacy_cluster_extrapolation_beta1,overlap,power,570,120,98,0
legacy_cluster_extrapolation_beta1,overlap,power,571,120,98,1
legacy_cluster_extrapolation_beta1,overlap,power,572,120,98,1
legacy_cluster_extrapolation_beta1,overlap,power,573,120,98,1
legacy_cluster_extrapolation_beta1,overlap,power,574,120,98,0
legacy_cluster_extrapolation_beta1,overlap,power,575,120,98,1
legacy_cluster_extrapolation_beta1,overlap,power,576,120,98,1
legacy_cluster_extrapolation_beta1,overlap,power,577,120,98,1
legacy_cluster_extrapolation_beta1,overlap,power,578,120,98,1
legacy_cluster_extrapolation_beta1,overlap,power,579,120,98,1
legacy_cluster_extrapolation_beta1,overlap,power,580,120,98,1
legacy_cluster_extrapolation_beta1,overlap,power,581,120,98,1
legacy_cluster_extrapolation_beta1,overlap,power,582,120,98,1
legacy_cluster_extrapolation_beta1,overlap,power,583,120,98,0
legacy_cluster_extrapolation_beta1,overlap,power,584,120,98,1
legacy_cluster_extrapolation_beta1,overlap,power,585,120,98,1
legacy_cluster_extrapolation_beta1,overlap,power,586,120,98,1
legacy_cluster_extrapolation_beta1,overlap,power,587,120,98,1
legacy_cluster_extrapolation_beta1,overlap,power,588,120,98,1
legacy_cluster_extrapolation_beta1,overlap,power,589,120,98,1
legacy_cluster_extrapolation_beta1,overlap,power,590,120,98,1
legacy_cluster_extrapolation_beta1,overlap,power,591,120,98,0
legacy_cluster_extrapolation_beta1,overlap,power,592,120,98,1
legacy_cluster_extrapolation_beta1,overlap,power,593,120,98,1
legacy_cluster_extrapolation_beta1,overlap,power,594,120,98,1
legacy_cluster_extrapolation_beta1,overlap,power,595,120,98,1
legacy_cluster_extrapolation_beta1,overlap,power,596,120,98,1
legacy_cluster_extrapolation_beta1,overlap,power,597,120,98,1
legacy_cluster_extrapolation_beta1,overlap,power,598,120,98,1
legacy_cluster_extrapolation_beta1,overlap,power,599,120,98,0
legacy_cluster_extrapolation_beta1,overlap,power,600,120,98,1
legacy_cluster_extrapolation_beta1,overlap,power,601,120,98,0
legacy_cluster_extrapolation_beta1,overlap,power,602,120,98,1
legacy_cluster_extrapolation_beta1,overlap,power,603,120,98,0
legacy_cluster_extrapolation_beta1,overlap,power,604,120,98,1
legacy_cluster_extrapolation_beta1,overlap,power,605,120,98,1
legacy_cluster_extrapolation_beta1,overlap,power,606,120,98,1
legacy_cluster_extrapolation_beta1,overlap,power,607,120,98,1
legacy_cluster_extrapolation_beta1,overlap,power,608,120,98,1
legacy_cluster_extrapolation_beta1,overlap,power,609,120,98,0
legacy_cluster_extrapolation_beta1,overlap,power,610,120,98,0
legacy_cluster_extrapolation_beta1,overlap,power,611,120,98,1
legacy_cluster_extrapolation_beta1,overlap,power,612,120,98,1
legacy_cluster_extrapolation_beta1,overlap,power,613,120,98,0
legacy_cluster_extrapolation_beta1,overlap,power,614,120,98,1
legacy_cluster_extrapolation_beta1,overlap,power,615,120,98,1
legacy_cluster_extrapolation_beta1,overlap,power,616,120,98,1
legacy_cluster_extrapolation_beta1,overlap,power,617,120,98,0
legacy_cluster_extrapolation_beta1,overlap,power,618,120,98,1
legacy_cluster_extrapolation_beta1,overlap,power,619,120,98,1
legacy_cluster_extrapolation_beta1,overlap,power,620,120,98,1
legacy_cluster_extrapolation_beta1,overlap,power,621,120,98,0
legacy_cluster_extrapolation_beta1,overlap,power,622,120,98,1
legacy_cluster_extrapolation_beta1,overlap,power,623,120,98,1
legacy_cluster_extrapolation_beta1,overlap,power,624,120,98,1
legacy_cluster_extrapolation_beta1,overlap,power,625,120,98,1
legacy_cluster_extrapolation_beta1,overlap,power,626,120,98,1
legacy_cluster_extrapolation_beta1,overlap,power,627,120,98,1
legacy_cluster_extrapolation_beta1,overlap,power,628,120,98,1
legacy_cluster_extrapolation_beta1,overlap,power,629,120,98,0
legacy_cluster_extrapolation_beta1,overlap,power,630,120,98,1
legacy_cluster_extrapolation_beta1,overlap,power,631,120,98,1
legacy_cluster_extrapolation_beta1,overlap,power,632,120,98,1
legacy_cluster_extrapolation_beta1,overlap,power,633,120,98,0
legacy_cluster_extrapolation_beta1,overlap,power,634,120,98,1
legacy_cluster_extrapolation_beta1,overlap,power,635,120,98,1
legacy_cluster_extrapolation_beta1,overlap,power,636,120,98,1
legacy_cluster_extrapolation_beta1,overlap,power,637,120,98,0
legacy_cluster_extrapolation_beta1,overlap,power,638,120,98,1
legacy_cluster_extrapolation_beta1,overlap,power,639,120,98,1
legacy_cluster_extrapolation_beta1,overlap,power,640,120,98,1
legacy_cluster_extrapolation_beta1,overlap,power,641,120,98,1
legacy_cluster_extrapolation_beta1,overlap,power,642,120,98,1
legacy_cluster_extrapolation_beta1,overlap,power,643,120,98,1
legacy_cluster_extrapolation_beta1,overlap,power,644,120,98,1
legacy_cluster_extrapolation_beta1,overlap,power,645,120,98,0
legacy_cluster_extrapolation_beta1,overlap,power,646,120,98,1
legacy_cluster_extrapolation_beta1,overlap,power,647,120,98,1
legacy_cluster_extrapolation_beta1,overlap,power,648,120,98,1
legacy_cluster_extrapolation_beta1,overlap,power,649,120,98,1
legacy_cluster_extrapolation_beta1,overlap,power,650,120,98,1
legacy_cluster_extrapolation_beta1,overlap,power,651,120,98,1
legacy_cluster_extrapolation_beta1,overlap,power,652,120,98,1
legacy_cluster_extrapolation_beta1,overlap,power,653,120,98,1
legacy_cluster_extrapolation_beta1,overlap,power,654,120,98,1
legacy_cluster_extrapolation_beta1,overlap,power,655,120,98,1
legacy_cluster_extrapolation_beta1,overlap,power,656,120,98,1
legacy_cluster_extrapolation_beta1,overlap,power,657,120,98,0
legacy_cluster_extrapolation_beta1,overlap,power,658,120,98,1
legacy_cluster_extrapolation_beta1,overlap,power,659,120,98,1
legacy_cluster_extrapolation_beta1,overlap,power,660,120,98,1
legacy_cluster_extrapolation_beta1,overlap,power,661,120,98,0
legacy_cluster_extrapolation_beta1,overlap,power,662,120,98,0
legacy_cluster_extrapolation_beta1,overlap,power,663,120,98,1
legacy_cluster_extrapolation_beta1,overlap,power,664,120,98,1
legacy_cluster_extrapolation_beta1,overlap,power,665,120,98,0
legacy_cluster_extrapolation_beta1,overlap,power,666,120,98,1
legacy_cluster_extrapolation_beta1,overlap,power,667,120,98,1
legacy_cluster_extrapolation_beta1,overlap,power,668,120,98,1
legacy_cluster_extrapolation_beta1,overlap,power,669,120,98,1
legacy_cluster_extrapolation_beta1,overlap,power,670,120,98,0
legacy_cluster_extrapolation_beta1,overlap,power,671,120,98,0
legacy_cluster_extrapolation_beta1,overlap,power,672,120,98,1
legacy_cluster_extrapolation_beta1,overlap,power,673,120,98,1
legacy_cluster_extrapolation_beta1,overlap,power,674,120,98,0
legacy_cluster_extrapolation_beta1,overlap,power,675,120,98,1
legacy_cluster_extrapolation_beta1,overlap,power,676,120,98,1
legacy_cluster_extrapolation_beta1,overlap,power,677,120,98,0
legacy_cluster_extrapolation_beta1,overlap,power,678,120,98,1
legacy_cluster_extrapolation_beta1,overlap,power,679,120,98,0
legacy_cluster_extrapolation_beta1,overlap,power,680,120,98,1
legacy_cluster_extrapolation_beta1,overlap,power,681,120,98,0
legacy_cluster_extrapolation_beta1,overlap,power,682,120,98,0
legacy_cluster_extrapolation_beta1,overlap,power,683,120,98,0
legacy_cluster_extrapolation_beta1,overlap,power,684,120,98,0
legacy_cluster_extrapolation_beta1,overlap,power,685,120,98,0
legacy_cluster_extrapolation_beta1,overlap,power,686,120,98,0
legacy_cluster_extrapolation_beta1,overlap,power,687,120,98,1
legacy_cluster_extrapolation_beta1,overlap,power,688,120,98,1
legacy_cluster_extrapolation_beta1,overlap,power,689,120,98,1
legacy_cluster_extrapolation_beta1,overlap,power,690,120,98,1
legacy_cluster_extrapolation_beta1,overlap,power,691,120,98,0
legacy_cluster_extrapolation_beta1,overlap,power,692,120,98,1
legacy_cluster_extrapolation_beta1,overlap,power,693,120,98,1
legacy_cluster_extrapolation_beta1,overlap,power,694,120,98,0
legacy_cluster_extrapolation_beta1,overlap,power,695,120,98,1
legacy_cluster_extrapolation_beta1,overlap,power,696,120,98,1
legacy_cluster_extrapolation_beta1,overlap,power,697,120,98,1
legacy_cluster_extrapolation_beta1,overlap,power,698,120,98,1
legacy_cluster_extrapolation_beta1,overlap,power,699,120,98,1
legacy_cluster_extrapolation_beta1,overlap,power,700,120,98,0
legacy_cluster_extrapolation_beta1,overlap,power,701,120,98,1
legacy_cluster_extrapolation_beta1,overlap,power,702,120,98,1
legacy_cluster_extrapolation_beta1,overlap,power,703,120,98,1
legacy_cluster_extrapolation_beta1,overlap,power,704,120,98,0
legacy_cluster_extrapolation_beta1,small_T,typeI,505,120,24,1
legacy_cluster_extrapolation_beta1,small_T,typeI,506,120,24,0
legacy_cluster_extrapolation_beta1,small_T,typeI,507,120,24,0
legacy_cluster_extrapolation_beta1,small_T,typeI,508,120,24,0
legacy_cluster_extrapolation_beta1,small_T,typeI,509,120,24,0
legacy_cluster_extrapolation_beta1,small_T,typeI,510,120,24,0
legacy_cluster_extrapolation_beta1,small_T,typeI,511,120,24,0
legacy_cluster_extrapolation_beta1,small_T,typeI,512,120,24,0
legacy_cluster_extrapolation_beta1,small_T,typeI,513,120,24,0
legacy_cluster_extrapolation_beta1,small_T,typeI,514,120,24,0
legacy_cluster_extrapolation_beta1,small_T,typeI,515,120,24,1
legacy_cluster_extrapolation_beta1,small_T,typeI,516,120,24,0
legacy_cluster_extrapolation_beta1,small_T,typeI,517,120,24,0
legacy_cluster_extrapolation_beta1,small_T,typeI,518,120,24,0
legacy_cluster_extrapolation_beta1,small_T,typeI,519,120,24,0
legacy_cluster_extrapolation_beta1,small_T,typeI,520,120,24,0
legacy_cluster_extrapolation_beta1,small_T,typeI,521,120,24,0
legacy_cluster_extrapolation_beta1,small_T,typeI,522,120,24,0
legacy_cluster_extrapolation_beta1,small_T,typeI,523,120,24,0
legacy_cluster_extrapolation_beta1,small_T,typeI,524,120,24,0
legacy_cluster_extrapolation_beta1,small_T,typeI,525,120,24,0
legacy_cluster_extrapolation_beta1,small_T,typeI,526,120,24,0
legacy_cluster_extrapolation_beta1,small_T,typeI,527,120,24,0
legacy_cluster_extrapolation_beta1,small_T,typeI,528,120,24,0
legacy_cluster_extrapolation_beta1,small_T,typeI,529,120,24,1
legacy_cluster_extrapolation_beta1,small_T,typeI,530,120,24,0
legacy_cluster_extrapolation_beta1,small_T,typeI,531,120,24,1
legacy_cluster_extrapolation_beta1,small_T,typeI,532,120,24,1
legacy_cluster_extrapolation_beta1,small_T,typeI,533,120,24,0
legacy_cluster_extrapolation_beta1,small_T,typeI,534,120,24,0
legacy_cluster_extrapolation_beta1,small_T,typeI,535,120,24,0
legacy_cluster_extrapolation_beta1,small_T,typeI,536,120,24,0
legacy_cluster_extrapolation_beta1,small_T,typeI,537,120,24,0
legacy_cluster_extrapolation_beta1,small_T,typeI,538,120,24,0
legacy_cluster_extrapolation_beta1,small_T,typeI,539,120,24,0
legacy_cluster_extrapolation_beta1,small_T,typeI,540,120,24,1
legacy_cluster_extrapolation_beta1,small_T,typeI,541,120,24,0
legacy_cluster_extrapolation_beta1,small_T,typeI,542,120,24,0
legacy_cluster_extrapolation_beta1,small_T,typeI,543,120,24,0
legacy_cluster_extrapolation_beta1,small_T,typeI,544,120,24,0
legacy_cluster_extrapolation_beta1,small_T,typeI,545,120,24,1
legacy_cluster_extrapolation_beta1,small_T,typeI,546,120,24,0
legacy_cluster_extrapolation_beta1,small_T,typeI,547,120,24,1
legacy_cluster_extrapolation_beta1,small_T,typeI,548,120,24,0
legacy_cluster_extrapolation_beta1,small_T,typeI,549,120,24,0
legacy_cluster_extrapolation_beta1,small_T,typeI,550,120,24,0
legacy_cluster_extrapolation_beta1,small_T,typeI,551,120,24,1
legacy_cluster_extrapolation_beta1,small_T,typeI,552,120,24,0
legacy_cluster_extrapolation_beta1,small_T,typeI,553,120,24,0
legacy_cluster_extrapolation_beta1,small_T,typeI,554,120,24,1
legacy_cluster_extrapolation_beta1,small_T,typeI,555,120,24,0
legacy_cluster_extrapolation_beta1,small_T,typeI,556,120,24,0
legacy_cluster_extrapolation_beta1,small_T,typeI,557,120,24,0
legacy_cluster_extrapolation_beta1,small_T,typeI,558,120,24,0
legacy_cluster_extrapolation_beta1,small_T,typeI,559,120,24,0
legacy_cluster_extrapolation_beta1,small_T,typeI,560,120,24,0
legacy_cluster_extrapolation_beta1,small_T,typeI,561,120,24,0
legacy_cluster_extrapolation_beta1,small_T,typeI,562,120,24,0
legacy_cluster_extrapolation_beta1,small_T,typeI,563,120,24,0
legacy_cluster_extrapolation_beta1,small_T,typeI,564,120,24,0
legacy_cluster_extrapolation_beta1,small_T,typeI,565,120,24,0
legacy_cluster_extrapolation_beta1,small_T,typeI,566,120,24,0
legacy_cluster_extrapolation_beta1,small_T,typeI,567,120,24,0
legacy_cluster_extrapolation_beta1,small_T,typeI,568,120,24,0
legacy_cluster_extrapolation_beta1,small_T,typeI,569,120,24,0
legacy_cluster_extrapolation_beta1,small_T,typeI,570,120,24,0
legacy_cluster_extrapolation_beta1,small_T,typeI,571,120,24,0
legacy_cluster_extrapolation_beta1,small_T,typeI,572,120,24,0
legacy_cluster_extrapolation_beta1,small_T,typeI,573,120,24,0
legacy_cluster_extrapolation_beta1,small_T,typeI,574,120,24,0
legacy_cluster_extrapolation_beta1,small_T,typeI,575,120,24,0
legacy_cluster_extrapolation_beta1,small_T,typeI,576,120,24,0
legacy_cluster_extrapolation_beta1,small_T,typeI,577,120,24,1
legacy_cluster_extrapolation_beta1,small_T,typeI,578,120,24,0
legacy_cluster_extrapolation_beta1,small_T,typeI,579,120,24,0
legacy_cluster_extrapolation_beta1,small_T,typeI,580,120,24,0
legacy_cluster_extrapolation_beta1,small_T,typeI,581,120,24,1
legacy_cluster_extrapolation_beta1,small_T,typeI,582,120,24,0
legacy_cluster_extrapolation_beta1,small_T,typeI,583,120,24,0
legacy_cluster_extrapolation_beta1,small_T,typeI,584,120,24,0
legacy_cluster_extrapolation_beta1,small_T,typeI,585,120,24,0
legacy_cluster_extrapolation_beta1,small_T,typeI,586,120,24,0
legacy_cluster_extrapolation_beta1,small_T,typeI,587,120,24,1
legacy_cluster_extrapolation_beta1,small_T,typeI,588,120,24,0
legacy_cluster_extrapolation_beta1,small_T,typeI,589,120,24,0
legacy_cluster_extrapolation_beta1,small_T,typeI,590,120,24,0
legacy_cluster_extrapolation_beta1,small_T,typeI,591,120,24,0
legacy_cluster_extrapolation_beta1,small_T,typeI,592,120,24,0
legacy_cluster_extrapolation_beta1,small_T,typeI,593,120,24,1
legacy_cluster_extrapolation_beta1,small_T,typeI,594,120,24,1
legacy_cluster_extrapolation_beta1,small_T,typeI,595,120,24,0
legacy_cluster_extrapolation_beta1,small_T,typeI,596,120,24,0
legacy_cluster_extrapolation_beta1,small_T,typeI,597,120,24,1
legacy_cluster_extrapolation_beta1,small_T,typeI,598,120,24,0
legacy_cluster_extrapolation_beta1,small_T,typeI,599,120,24,0
legacy_cluster_extrapolation_beta1,small_T,typeI,600,120,24,0
legacy_cluster_extrapolation_beta1,small_T,typeI,601,120,24,0
legacy_cluster_extrapolation_beta1,small_T,typeI,602,120,24,0
legacy_cluster_extrapolation_beta1,small_T,typeI,603,120,24,0
legacy_cluster_extrapolation_beta1,small_T,typeI,604,120,24,0
legacy_cluster_extrapolation_beta1,small_T,typeI,605,120,24,0
legacy_cluster_extrapolation_beta1,small_T,typeI,606,120,24,1
legacy_cluster_extrapolation_beta1,small_T,typeI,607,120,24,0
legacy_cluster_extrapolation_beta1,small_T,typeI,608,120,24,0
legacy_cluster_extrapolation_beta1,small_T,typeI,609,120,24,0
legacy_cluster_extrapolation_beta1,small_T,typeI,610,120,24,0
legacy_cluster_extrapolation_beta1,small_T,typeI,611,120,24,0
legacy_cluster_extrapolation_beta1,small_T,typeI,612,120,24,0
legacy_cluster_extrapolation_beta1,small_T,typeI,613,120,24,1
legacy_cluster_extrapolation_beta1,small_T,typeI,614,120,24,0
legacy_cluster_extrapolation_beta1,small_T,typeI,615,120,24,0
legacy_cluster_extrapolation_beta1,small_T,typeI,616,120,24,0
legacy_cluster_extrapolation_beta1,small_T,typeI,617,120,24,1
legacy_cluster_extrapolation_beta1,small_T,typeI,618,120,24,0
legacy_cluster_extrapolation_beta1,small_T,typeI,619,120,24,0
legacy_cluster_extrapolation_beta1,small_T,typeI,620,120,24,0
legacy_cluster_extrapolation_beta1,small_T,typeI,621,120,24,0
legacy_cluster_extrapolation_beta1,small_T,typeI,622,120,24,0
legacy_cluster_extrapolation_beta1,small_T,typeI,623,120,24,0
legacy_cluster_extrapolation_beta1,small_T,typeI,624,120,24,0
legacy_cluster_extrapolation_beta1,small_T,typeI,625,120,24,0
legacy_cluster_extrapolation_beta1,small_T,typeI,626,120,24,1
legacy_cluster_extrapolation_beta1,small_T,typeI,627,120,24,0
legacy_cluster_extrapolation_beta1,small_T,typeI,628,120,24,0
legacy_cluster_extrapolation_beta1,small_T,typeI,629,120,24,0
legacy_cluster_extrapolation_beta1,small_T,typeI,630,120,24,0
legacy_cluster_extrapolation_beta1,small_T,typeI,631,120,24,0
legacy_cluster_extrapolation_beta1,small_T,typeI,632,120,24,1
legacy_cluster_extrapolation_beta1,small_T,typeI,633,120,24,0
legacy_cluster_extrapolation_beta1,small_T,typeI,634,120,24,0
legacy_cluster_extrapolation_beta1,small_T,typeI,635,120,24,0
legacy_cluster_extrapolation_beta1,small_T,typeI,636,120,24,0
legacy_cluster_extrapolation_beta1,small_T,typeI,637,120,24,1
legacy_cluster_extrapolation_beta1,small_T,typeI,638,120,24,0
legacy_cluster_extrapolation_beta1,small_T,typeI,639,120,24,0
legacy_cluster_extrapolation_beta1,small_T,typeI,640,120,24,1
legacy_cluster_extrapolation_beta1,small_T,typeI,641,120,24,0
legacy_cluster_extrapolation_beta1,small_T,typeI,642,120,24,0
legacy_cluster_extrapolation_beta1,small_T,typeI,643,120,24,0
legacy_cluster_extrapolation_beta1,small_T,typeI,644,120,24,0
legacy_cluster_extrapolation_beta1,small_T,typeI,645,120,24,1
legacy_cluster_extrapolation_beta1,small_T,typeI,646,120,24,0
legacy_cluster_extrapolation_beta1,small_T,typeI,647,120,24,0
legacy_cluster_extrapolation_beta1,small_T,typeI,648,120,24,0
legacy_cluster_extrapolation_beta1,small_T,typeI,649,120,24,0
legacy_cluster_extrapolation_beta1,small_T,typeI,650,120,24,0
legacy_cluster_extrapolation_beta1,small_T,typeI,651,120,24,0
legacy_cluster_extrapolation_beta1,small_T,typeI,652,120,24,0
legacy_cluster_extrapolation_beta1,small_T,typeI,653,120,24,0
legacy_cluster_extrapolation_beta1,small_T,typeI,654,120,24,0
legacy_cluster_extrapolation_beta1,small_T,typeI,655,120,24,1
legacy_cluster_extrapolation_beta1,small_T,typeI,656,120,24,0
legacy_cluster_extrapolation_beta1,small_T,typeI,657,120,24,0
legacy_cluster_extrapolation_beta1,small_T,typeI,658,120,24,0
legacy_cluster_extrapolation_beta1,small_T,typeI,659,120,24,1
legacy_cluster_extrapolation_beta1,small_T,typeI,660,120,24,0
legacy_cluster_extrapolation_beta1,small_T,typeI,661,120,24,0
legacy_cluster_extrapolation_beta1,small_T,typeI,662,120,24,1
legacy_cluster_extrapolation_beta1,small_T,typeI,663,120,24,0
legacy_cluster_extrapolation_beta1,small_T,typeI,664,120,24,0
legacy_cluster_extrapolation_beta1,small_T,typeI,665,120,24,0
legacy_cluster_extrapolation_beta1,small_T,typeI,666,120,24,0
legacy_cluster_extrapolation_beta1,small_T,typeI,667,120,24,0
legacy_cluster_extrapolation_beta1,small_T,typeI,668,120,24,0
legacy_cluster_extrapolation_beta1,small_T,typeI,669,120,24,0
legacy_cluster_extrapolation_beta1,small_T,typeI,670,120,24,0
legacy_cluster_extrapolation_beta1,small_T,typeI,671,120,24,0
legacy_cluster_extrapolation_beta1,small_T,typeI,672,120,24,0
legacy_cluster_extrapolation_beta1,small_T,typeI,673,120,24,0
legacy_cluster_extrapolation_beta1,small_T,typeI,674,120,24,0
legacy_cluster_extrapolation_beta1,small_T,typeI,675,120,24,0
legacy_cluster_extrapolation_beta1,small_T,typeI,676,120,24,1
legacy_cluster_extrapolation_beta1,small_T,typeI,677,120,24,0
legacy_cluster_extrapolation_beta1,small_T,typeI,678,120,24,1
legacy_cluster_extrapolation_beta1,small_T,typeI,679,120,24,0
legacy_cluster_extrapolation_beta1,small_T,typeI,680,120,24,0
legacy_cluster_extrapolation_beta1,small_T,typeI,681,120,24,1
legacy_cluster_extrapolation_beta1,small_T,typeI,682,120,24,0
legacy_cluster_extrapolation_beta1,small_T,typeI,683,120,24,0
legacy_cluster_extrapolation_beta1,small_T,typeI,684,120,24,0
legacy_cluster_extrapolation_beta1,small_T,typeI,685,120,24,0
legacy_cluster_extrapolation_beta1,small_T,typeI,686,120,24,0
legacy_cluster_extrapolation_beta1,small_T,typeI,687,120,24,1
legacy_cluster_extrapolation_beta1,small_T,typeI,688,120,24,0
legacy_cluster_extrapolation_beta1,small_T,typeI,689,120,24,0
legacy_cluster_extrapolation_beta1,small_T,typeI,690,120,24,0
legacy_cluster_extrapolation_beta1,small_T,typeI,691,120,24,0
legacy_cluster_extrapolation_beta1,small_T,typeI,692,120,24,0
legacy_cluster_extrapolation_beta1,small_T,typeI,693,120,24,1
legacy_cluster_extrapolation_beta1,small_T,typeI,694,120,24,1
legacy_cluster_extrapolation_beta1,small_T,typeI,695,120,24,1
legacy_cluster_extrapolation_beta1,small_T,typeI,696,120,24,0
legacy_cluster_extrapolation_beta1,small_T,typeI,697,120,24,0
legacy_cluster_extrapolation_beta1,small_T,typeI,698,120,24,0
legacy_cluster_extrapolation_beta1,small_T,typeI,699,120,24,0
legacy_cluster_extrapolation_beta1,small_T,typeI,700,120,24,1
legacy_cluster_extrapolation_beta1,small_T,typeI,701,120,24,0
legacy_cluster_extrapolation_beta1,small_T,typeI,702,120,24,0
legacy_cluster_extrapolation_beta1,small_T,typeI,703,120,24,0
legacy_cluster_extrapolation_beta1,small_T,typeI,704,120,24,0
legacy_cluster_extrapolation_beta1,small_T,power,505,120,24,1
legacy_cluster_extrapolation_beta1,small_T,power,506,120,24,1
legacy_cluster_extrapolation_beta1,small_T,power,507,120,24,1
legacy_cluster_extrapolation_beta1,small_T,power,508,120,24,1
legacy_cluster_extrapolation_beta1,small_T,power,509,120,24,1
legacy_cluster_extrapolation_beta1,small_T,power,510,120,24,0
legacy_cluster_extrapolation_beta1,small_T,power,511,120,24,1
legacy_cluster_extrapolation_beta1,small_T,power,512,120,24,0
legacy_cluster_extrapolation_beta1,small_T,power,513,120,24,1
legacy_cluster_extrapolation_beta1,small_T,power,514,120,24,1
legacy_cluster_extrapolation_beta1,small_T,power,515,120,24,1
legacy_cluster_extrapolation_beta1,small_T,power,516,120,24,1
legacy_cluster_extrapolation_beta1,small_T,power,517,120,24,1
legacy_cluster_extrapolation_beta1,small_T,power,518,120,24,1
legacy_cluster_extrapolation_beta1,small_T,power,519,120,24,1
legacy_cluster_extrapolation_beta1,small_T,power,520,120,24,0
legacy_cluster_extrapolation_beta1,small_T,power,521,120,24,0
legacy_cluster_extrapolation_beta1,small_T,power,522,120,24,0
legacy_cluster_extrapolation_beta1,small_T,power,523,120,24,0
legacy_cluster_extrapolation_beta1,small_T,power,524,120,24,1
legacy_cluster_extrapolation_beta1,small_T,power,525,120,24,1
legacy_cluster_extrapolation_beta1,small_T,power,526,120,24,1
legacy_cluster_extrapolation_beta1,small_T,power,527,120,24,1
legacy_cluster_extrapolation_beta1,small_T,power,528,120,24,1
legacy_cluster_extrapolation_beta1,small_T,power,529,120,24,1
legacy_cluster_extrapolation_beta1,small_T,power,530,120,24,1
legacy_cluster_extrapolation_beta1,small_T,power,531,120,24,1
legacy_cluster_extrapolation_beta1,small_T,power,532,120,24,1
legacy_cluster_extrapolation_beta1,small_T,power,533,120,24,1
legacy_cluster_extrapolation_beta1,small_T,power,534,120,24,1
legacy_cluster_extrapolation_beta1,small_T,power,535,120,24,0
legacy_cluster_extrapolation_beta1,small_T,power,536,120,24,1
legacy_cluster_extrapolation_beta1,small_T,power,537,120,24,0
legacy_cluster_extrapolation_beta1,small_T,power,538,120,24,1
legacy_cluster_extrapolation_beta1,small_T,power,539,120,24,1
legacy_cluster_extrapolation_beta1,small_T,power,540,120,24,1
legacy_cluster_extrapolation_beta1,small_T,power,541,120,24,1
legacy_cluster_extrapolation_beta1,small_T,power,542,120,24,1
legacy_cluster_extrapolation_beta1,small_T,power,543,120,24,1
legacy_cluster_extrapolation_beta1,small_T,power,544,120,24,1
legacy_cluster_extrapolation_beta1,small_T,power,545,120,24,1
legacy_cluster_extrapolation_beta1,small_T,power,546,120,24,1
legacy_cluster_extrapolation_beta1,small_T,power,547,120,24,1
legacy_cluster_extrapolation_beta1,small_T,power,548,120,24,1
legacy_cluster_extrapolation_beta1,small_T,power,549,120,24,1
legacy_cluster_extrapolation_beta1,small_T,power,550,120,24,1
legacy_cluster_extrapolation_beta1,small_T,power,551,120,24,1
legacy_cluster_extrapolation_beta1,small_T,power,552,120,24,0
legacy_cluster_extrapolation_beta1,small_T,power,553,120,24,1
legacy_cluster_extrapolation_beta1,small_T,power,554,120,24,1
legacy_cluster_extrapolation_beta1,small_T,power,555,120,24,0
legacy_cluster_extrapolation_beta1,small_T,power,556,120,24,1
legacy_cluster_extrapolation_beta1,small_T,power,557,120,24,0
legacy_cluster_extrapolation_beta1,small_T,power,558,120,24,1
legacy_cluster_extrapolation_beta1,small_T,power,559,120,24,1
legacy_cluster_extrapolation_beta1,small_T,power,560,120,24,1
legacy_cluster_extrapolation_beta1,small_T,power,561,120,24,1
legacy_cluster_extrapolation_beta1,small_T,power,562,120,24,1
legacy_cluster_extrapolation_beta1,small_T,power,563,120,24,0
legacy_cluster_extrapolation_beta1,small_T,power,564,120,24,1
legacy_cluster_extrapolation_beta1,small_T,power,565,120,24,0
legacy_cluster_extrapolation_beta1,small_T,power,566,120,24,1
legacy_cluster_extrapolation_beta1,small_T,power,567,120,24,1
legacy_cluster_extrapolation_beta1,small_T,power,568,120,24,1
legacy_cluster_extrapolation_beta1,small_T,power,569,120,24,1
legacy_cluster_extrapolation_beta1,small_T,power,570,120,24,0
legacy_cluster_extrapolation_beta1,small_T,power,571,120,24,0
legacy_cluster_extrapolation_beta1,small_T,power,572,120,24,1
legacy_cluster_extrapolation_beta1,small_T,power,573,120,24,1
legacy_cluster_extrapolation_beta1,small_T,power,574,120,24,0
legacy_cluster_extrapolation_beta1,small_T,power,575,120,24,0
legacy_cluster_extrapolation_beta1,small_T,power,576,120,24,1
legacy_cluster_extrapolation_beta1,small_T,power,577,120,24,1
legacy_cluster_extrapolation_beta1,small_T,power,578,120,24,1
legacy_cluster_extrapolation_beta1,small_T,power,579,120,24,1
legacy_cluster_extrapolation_beta1,small_T,power,580,120,24,1
legacy_cluster_extrapolation_beta1,small_T,power,581,120,24,1
legacy_cluster_extrapolation_beta1,small_T,power,582,120,24,0
legacy_cluster_extrapolation_beta1,small_T,power,583,120,24,0
legacy_cluster_extrapolation_beta1,small_T,power,584,120,24,1
legacy_cluster_extrapolation_beta1,small_T,power,585,120,24,1
legacy_cluster_extrapolation_beta1,small_T,power,586,120,24,0
legacy_cluster_extrapolation_beta1,small_T,power,587,120,24,1
legacy_cluster_extrapolation_beta1,small_T,power,588,120,24,1
legacy_cluster_extrapolation_beta1,small_T,power,589,120,24,1
legacy_cluster_extrapolation_beta1,small_T,power,590,120,24,1
legacy_cluster_extrapolation_beta1,small_T,power,591,120,24,1
legacy_cluster_extrapolation_beta1,small_T,power,592,120,24,1
legacy_cluster_extrapolation_beta1,small_T,power,593,120,24,1
legacy_cluster_extrapolation_beta1,small_T,power,594,120,24,1
legacy_cluster_extrapolation_beta1,small_T,power,595,120,24,1
legacy_cluster_extrapolation_beta1,small_T,power,596,120,24,1
legacy_cluster_extrapolation_beta1,small_T,power,597,120,24,1
legacy_cluster_extrapolation_beta1,small_T,power,598,120,24,0
legacy_cluster_extrapolation_beta1,small_T,power,599,120,24,1
legacy_cluster_extrapolation_beta1,small_T,power,600,120,24,1
legacy_cluster_extrapolation_beta1,small_T,power,601,120,24,1
legacy_cluster_extrapolation_beta1,small_T,power,602,120,24,1
legacy_cluster_extrapolation_beta1,small_T,power,603,120,24,1
legacy_cluster_extrapolation_beta1,small_T,power,604,120,24,1
legacy_cluster_extrapolation_beta1,small_T,power,605,120,24,1
legacy_cluster_extrapolation_beta1,small_T,power,606,120,24,1
legacy_cluster_extrapolation_beta1,small_T,power,607,120,24,0
legacy_cluster_extrapolation_beta1,small_T,power,608,120,24,0
legacy_cluster_extrapolation_beta1,small_T,power,609,120,24,0
legacy_cluster_extrapolation_beta1,small_T,power,610,120,24,0
legacy_cluster_extrapolation_beta1,small_T,power,611,120,24,1
legacy_cluster_extrapolation_beta1,small_T,power,612,120,24,1
legacy_cluster_extrapolation_beta1,small_T,power,613,120,24,1
legacy_cluster_extrapolation_beta1,small_T,power,614,120,24,0
legacy_cluster_extrapolation_beta1,small_T,power,615,120,24,1
legacy_cluster_extrapolation_beta1,small_T,power,616,120,24,0
legacy_cluster_extrapolation_beta1,small_T,power,617,120,24,1
legacy_cluster_extrapolation_beta1,small_T,power,618,120,24,1
legacy_cluster_extrapolation_beta1,small_T,power,619,120,24,1
legacy_cluster_extrapolation_beta1,small_T,power,620,120,24,1
legacy_cluster_extrapolation_beta1,small_T,power,621,120,24,0
legacy_cluster_extrapolation_beta1,small_T,power,622,120,24,0
legacy_cluster_extrapolation_beta1,small_T,power,623,120,24,0
legacy_cluster_extrapolation_beta1,small_T,power,624,120,24,1
legacy_cluster_extrapolation_beta1,small_T,power,625,120,24,0
legacy_cluster_extrapolation_beta1,small_T,power,626,120,24,1
legacy_cluster_extrapolation_beta1,small_T,power,627,120,24,1
legacy_cluster_extrapolation_beta1,small_T,power,628,120,24,1
legacy_cluster_extrapolation_beta1,small_T,power,629,120,24,0
legacy_cluster_extrapolation_beta1,small_T,power,630,120,24,1
legacy_cluster_extrapolation_beta1,small_T,power,631,120,24,1
legacy_cluster_extrapolation_beta1,small_T,power,632,120,24,1
legacy_cluster_extrapolation_beta1,small_T,power,633,120,24,0
legacy_cluster_extrapolation_beta1,small_T,power,634,120,24,0
legacy_cluster_extrapolation_beta1,small_T,power,635,120,24,0
legacy_cluster_extrapolation_beta1,small_T,power,636,120,24,1
legacy_cluster_extrapolation_beta1,small_T,power,637,120,24,1
legacy_cluster_extrapolation_beta1,small_T,power,638,120,24,0
legacy_cluster_extrapolation_beta1,small_T,power,639,120,24,1
legacy_cluster_extrapolation_beta1,small_T,power,640,120,24,1
legacy_cluster_extrapolation_beta1,small_T,power,641,120,24,1
legacy_cluster_extrapolation_beta1,small_T,power,642,120,24,0
legacy_cluster_extrapolation_beta1,small_T,power,643,120,24,1
legacy_cluster_extrapolation_beta1,small_T,power,644,120,24,1
legacy_cluster_extrapolation_beta1,small_T,power,645,120,24,1
legacy_cluster_extrapolation_beta1,small_T,power,646,120,24,1
legacy_cluster_extrapolation_beta1,small_T,power,647,120,24,1
legacy_cluster_extrapolation_beta1,small_T,power,648,120,24,0
legacy_cluster_extrapolation_beta1,small_T,power,649,120,24,1
legacy_cluster_extrapolation_beta1,small_T,power,650,120,24,1
legacy_cluster_extrapolation_beta1,small_T,power,651,120,24,1
legacy_cluster_extrapolation_beta1,small_T,power,652,120,24,0
legacy_cluster_extrapolation_beta1,small_T,power,653,120,24,1
legacy_cluster_extrapolation_beta1,small_T,power,654,120,24,1
legacy_cluster_extrapolation_beta1,small_T,power,655,120,24,1
legacy_cluster_extrapolation_beta1,small_T,power,656,120,24,1
legacy_cluster_extrapolation_beta1,small_T,power,657,120,24,1
legacy_cluster_extrapolation_beta1,small_T,power,658,120,24,1
legacy_cluster_extrapolation_beta1,small_T,power,659,120,24,1
legacy_cluster_extrapolation_beta1,small_T,power,660,120,24,1
legacy_cluster_extrapolation_beta1,small_T,power,661,120,24,1
legacy_cluster_extrapolation_beta1,small_T,power,662,120,24,1
legacy_cluster_extrapolation_beta1,small_T,power,663,120,24,1
legacy_cluster_extrapolation_beta1,small_T,power,664,120,24,1
legacy_cluster_extrapolation_beta1,small_T,power,665,120,24,1
legacy_cluster_extrapolation_beta1,small_T,power,666,120,24,0
legacy_cluster_extrapolation_beta1,small_T,power,667,120,24,1
legacy_cluster_extrapolation_beta1,small_T,power,668,120,24,0
legacy_cluster_extrapolation_beta1,small_T,power,669,120,24,1
legacy_cluster_extrapolation_beta1,small_T,power,670,120,24,0
legacy_cluster_extrapolation_beta1,small_T,power,671,120,24,1
legacy_cluster_extrapolation_beta1,small_T,power,672,120,24,0
legacy_cluster_extrapolation_beta1,small_T,power,673,120,24,1
legacy_cluster_extrapolation_beta1,small_T,power,674,120,24,1
legacy_cluster_extrapolation_beta1,small_T,power,675,120,24,1
legacy_cluster_extrapolation_beta1,small_T,power,676,120,24,1
legacy_cluster_extrapolation_beta1,small_T,power,677,120,24,1
legacy_cluster_extrapolation_beta1,small_T,power,678,120,24,1
legacy_cluster_extrapolation_beta1,small_T,power,679,120,24,1
legacy_cluster_extrapolation_beta1,small_T,power,680,120,24,1
legacy_cluster_extrapolation_beta1,small_T,power,681,120,24,1
legacy_cluster_extrapolation_beta1,small_T,power,682,120,24,1
legacy_cluster_extrapolation_beta1,small_T,power,683,120,24,1
legacy_cluster_extrapolation_beta1,small_T,power,684,120,24,1
legacy_cluster_extrapolation_beta1,small_T,power,685,120,24,1
legacy_cluster_extrapolation_beta1,small_T,power,686,120,24,0
legacy_cluster_extrapolation_beta1,small_T,power,687,120,24,1
legacy_cluster_extrapolation_beta1,small_T,power,688,120,24,1
legacy_cluster_extrapolation_beta1,small_T,power,689,120,24,1
legacy_cluster_extrapolation_beta1,small_T,power,690,120,24,0
legacy_cluster_extrapolation_beta1,small_T,power,691,120,24,1
legacy_cluster_extrapolation_beta1,small_T,power,692,120,24,1
legacy_cluster_extrapolation_beta1,small_T,power,693,120,24,1
legacy_cluster_extrapolation_beta1,small_T,power,694,120,24,1
legacy_cluster_extrapolation_beta1,small_T,power,695,120,24,1
legacy_cluster_extrapolation_beta1,small_T,power,696,120,24,1
legacy_cluster_extrapolation_beta1,small_T,power,697,120,24,1
legacy_cluster_extrapolation_beta1,small_T,power,698,120,24,1
legacy_cluster_extrapolation_beta1,small_T,power,699,120,24,1
legacy_cluster_extrapolation_beta1,small_T,power,700,120,24,1
legacy_cluster_extrapolation_beta1,small_T,power,701,120,24,1
legacy_cluster_extrapolation_beta1,small_T,power,702,120,24,0
legacy_cluster_extrapolation_beta1,small_T,power,703,120,24,0
legacy_cluster_extrapolation_beta1,small_T,power,704,120,24,0
