design,signal,training_rows,validation_pairs,groups,peers,replications_max,rejections_max,rate_max,wilson_low_max,wilson_high_max,normal_rejections_max,budget_failures_max,coverage_failures_max,mean_bias_budget_max,mean_sampling_radius_max,mean_lower_bound_max,mean_p_max,target_max,total_observations_max,replications_weighted,rejections_weighted,rate_weighted,wilson_low_weighted,wilson_high_weighted,normal_rejections_weighted,budget_failures_weighted,coverage_failures_weighted,mean_bias_budget_weighted,mean_sampling_radius_weighted,mean_lower_bound_weighted,mean_p_weighted,target_weighted,total_observations_weighted
eight_balanced,0.0,32,512,100,64,1000,0,0.0,2.1684043449710093e-19,0.0038267584855551,458,0,0,0.2815877066714289,0.0262473313885672,-0.3070446538600863,1.0,0.0,7456,1000,0,0.0,2.1684043449710093e-19,0.0038267584855551,458,0,0,0.213430895582396,0.0262473313885672,-0.2388878427710533,1.0,0.0,7456
eight_balanced,0.0,32,512,400,64,1000,0,0.0,2.1684043449710093e-19,0.0038267584855551,491,0,0,0.2815877066714289,0.0131236656942836,-0.2939371673317069,1.0,0.0,26656,1000,0,0.0,2.1684043449710093e-19,0.0038267584855551,491,0,0,0.213430895582396,0.0131236656942836,-0.2257803562426739,1.0,0.0,26656
eight_balanced,0.0,32,8192,100,64,1000,0,0.0,2.1684043449710093e-19,0.0038267584855551,458,0,0,0.0811255288922964,0.0262473313885672,-0.1065824760809537,1.0,0.0,22816,1000,0,0.0,2.1684043449710093e-19,0.0038267584855551,458,0,0,0.0378485424310006,0.0262473313885672,-0.0633054896196579,1.0,0.0,22816
eight_balanced,0.0,32,8192,400,64,1000,0,0.0,2.1684043449710093e-19,0.0038267584855551,491,0,0,0.0811255288922964,0.0131236656942836,-0.0934749895525743,1.0,0.0,42016,1000,0,0.0,2.1684043449710093e-19,0.0038267584855551,491,0,0,0.0378485424310006,0.0131236656942836,-0.0501980030912785,1.0,0.0,42016
eight_balanced,0.0,512,512,100,64,1000,0,0.0,2.1684043449710093e-19,0.0038267584855551,83,0,0,0.1597230810109025,0.0190975067106547,-0.1787633129278553,1.0,0.0,7936,1000,0,0.0,2.1684043449710093e-19,0.0038267584855551,83,0,0,0.1417750651090223,0.0190975067106547,-0.160815297025975,1.0,0.0,7936
eight_balanced,0.0,512,512,400,64,1000,0,0.0,2.1684043449710093e-19,0.0038267584855551,142,0,0,0.1597230810109025,0.0095487533553273,-0.1692396820243739,1.0,0.0,27136,1000,0,0.0,2.1684043449710093e-19,0.0038267584855551,142,0,0,0.1417750651090223,0.0095487533553273,-0.1512916661224937,1.0,0.0,27136
eight_balanced,0.0,512,8192,100,64,1000,0,0.0,2.1684043449710093e-19,0.0038267584855551,83,0,0,0.0147798985425737,0.0190975067106547,-0.0338201304595264,1.0,0.0,23296,1000,0,0.0,2.1684043449710093e-19,0.0038267584855551,83,0,0,0.0112809629649315,0.0190975067106547,-0.0303211948818842,1.0,0.0,23296
eight_balanced,0.0,512,8192,400,64,1000,0,0.0,2.1684043449710093e-19,0.0038267584855551,142,0,0,0.0147798985425737,0.0095487533553273,-0.0242964995560451,1.0,0.0,42496,1000,0,0.0,2.1684043449710093e-19,0.0038267584855551,142,0,0,0.0112809629649315,0.0095487533553273,-0.0207975639784029,1.0,0.0,42496
eight_balanced,0.0,8192,512,100,64,1000,0,0.0,2.1684043449710093e-19,0.0038267584855551,60,0,0,0.1526334554762417,0.0182019141913828,-0.1708014520949734,1.0,0.0,15616,1000,0,0.0,2.1684043449710093e-19,0.0038267584855551,60,0,0,0.1364648821367051,0.0182019141913828,-0.1546328787554369,1.0,0.0,15616
eight_balanced,0.0,8192,512,400,64,1000,0,0.0,2.1684043449710093e-19,0.0038267584855551,59,0,0,0.1526334554762417,0.0091009570956914,-0.1617248702109094,1.0,0.0,34816,1000,0,0.0,2.1684043449710093e-19,0.0038267584855551,59,0,0,0.1364648821367051,0.0091009570956914,-0.1455562968713729,1.0,0.0,34816
eight_balanced,0.0,8192,8192,100,64,1000,0,0.0,2.1684043449710093e-19,0.0038267584855551,60,0,0,0.0094928799628491,0.0182019141913828,-0.0276608765815808,1.0,0.0,30976,1000,0,0.0,2.1684043449710093e-19,0.0038267584855551,60,0,0,0.0084110843172042,0.0182019141913828,-0.026579080935936,1.0,0.0,30976
eight_balanced,0.0,8192,8192,400,64,1000,0,0.0,2.1684043449710093e-19,0.0038267584855551,59,0,0,0.0094928799628491,0.0091009570956914,-0.0185842946975168,1.0,0.0,50176,1000,0,0.0,2.1684043449710093e-19,0.0038267584855551,59,0,0,0.0084110843172042,0.0091009570956914,-0.017502499051872,1.0,0.0,50176
eight_balanced,0.25,32,512,100,64,1000,0,0.0,2.1684043449710093e-19,0.0038267584855551,982,0,0,0.2858597347593763,0.0258475238102951,-0.2941366971057837,1.0,0.0132142857142857,7456,1000,0,0.0,2.1684043449710093e-19,0.0038267584855551,982,0,0,0.2152932407309375,0.0258475238102951,-0.2235702030773448,1.0,0.0132142857142857,7456
eight_balanced,0.25,32,512,400,64,1000,0,0.0,2.1684043449710093e-19,0.0038267584855551,986,0,0,0.2858597347593763,0.0129237619051475,-0.2811933050413195,1.0,0.0132142857142857,26656,1000,0,0.0,2.1684043449710093e-19,0.0038267584855551,986,0,0,0.2152932407309375,0.0129237619051475,-0.2106268110128806,1.0,0.0132142857142857,26656
eight_balanced,0.25,32,8192,100,64,1000,0,0.0,2.1684043449710093e-19,0.0038267584855551,982,0,0,0.0824512234684334,0.0258475238102951,-0.0907281858148407,1.0,0.0132142857142857,22816,1000,0,0.0,2.1684043449710093e-19,0.0038267584855551,982,0,0,0.0383199688903915,0.0258475238102951,-0.0465969312367988,1.0,0.0132142857142857,22816
eight_balanced,0.25,32,8192,400,64,1000,0,0.0,2.1684043449710093e-19,0.0038267584855551,986,0,0,0.0824512234684334,0.0129237619051475,-0.0777847937503766,1.0,0.0132142857142857,42016,1000,0,0.0,2.1684043449710093e-19,0.0038267584855551,986,0,0,0.0383199688903915,0.0129237619051475,-0.0336535391723347,1.0,0.0132142857142857,42016
eight_balanced,0.25,512,512,100,64,1000,0,0.0,2.1684043449710093e-19,0.0038267584855551,1000,0,0,0.161020211740629,0.0190655766601176,-0.1666971238186323,1.0,0.0132142857142857,7936,1000,0,0.0,2.1684043449710093e-19,0.0038267584855551,1000,0,0,0.1418702563072327,0.0190655766601176,-0.147547168385236,1.0,0.0132142857142857,7936
eight_balanced,0.25,512,512,400,64,1000,0,0.0,2.1684043449710093e-19,0.0038267584855551,1000,0,0,0.161020211740629,0.0095327883300588,-0.1571433074484364,1.0,0.0132142857142857,27136,1000,0,0.0,2.1684043449710093e-19,0.0038267584855551,1000,0,0,0.1418702563072327,0.0095327883300588,-0.1379933520150401,1.0,0.0132142857142857,27136
eight_balanced,0.25,512,8192,100,64,1000,0,0.0,2.1684043449710093e-19,0.0038267584855551,1000,0,0,0.01499327403895,0.0190655766601176,-0.0206701861169534,0.99384615140732,0.0132142857142857,23296,1000,0,0.0,2.1684043449710093e-19,0.0038267584855551,1000,0,0,0.0112902924083575,0.0190655766601176,-0.0169672044863608,0.9531739987174486,0.0132142857142857,23296
eight_balanced,0.25,512,8192,400,64,1000,0,0.0,2.1684043449710093e-19,0.0038267584855551,1000,0,0,0.01499327403895,0.0095327883300588,-0.0111163697467575,0.9782782761750266,0.0132142857142857,42496,1000,0,0.0,2.1684043449710093e-19,0.0038267584855551,1000,0,0,0.0112902924083575,0.0095327883300588,-0.0074133881161649,0.83693600866618,0.0132142857142857,42496
eight_balanced,0.25,8192,512,100,64,1000,0,0.0,2.1684043449710093e-19,0.0038267584855551,1000,0,0,0.1538229221426744,0.0181894940351843,-0.1588047435479098,1.0,0.0132142857142857,15616,1000,0,0.0,2.1684043449710093e-19,0.0038267584855551,1000,0,0,0.1365788158250276,0.0181894940351843,-0.141560637230263,1.0,0.0132142857142857,15616
eight_balanced,0.25,8192,512,400,64,1000,0,0.0,2.1684043449710093e-19,0.0038267584855551,1000,0,0,0.1538229221426744,0.0090947470175921,-0.1496902842135156,1.0,0.0132142857142857,34816,1000,0,0.0,2.1684043449710093e-19,0.0038267584855551,1000,0,0,0.1365788158250276,0.0090947470175921,-0.1324461778958688,1.0,0.0132142857142857,34816
eight_balanced,0.25,8192,8192,100,64,1000,0,0.0,2.1684043449710093e-19,0.0038267584855551,1000,0,0,0.0095793643782445,0.0181894940351843,-0.01456118578348,0.8781385426753503,0.0132142857142857,30976,1000,0,0.0,2.1684043449710093e-19,0.0038267584855551,1000,0,0,0.0084314981612241,0.0181894940351843,-0.0134133195664595,0.8104535377632145,0.0132142857142857,30976
eight_balanced,0.25,8192,8192,400,64,1000,0,0.0,2.1684043449710093e-19,0.0038267584855551,1000,0,0,0.0095793643782445,0.0090947470175921,-0.0054467264490858,0.6130013955330551,0.0132142857142857,50176,1000,0,0.0,2.1684043449710093e-19,0.0038267584855551,1000,0,0,0.0084314981612241,0.0090947470175921,-0.0042988602320653,0.4374863124260817,0.0132142857142857,50176
eight_balanced,0.5,32,512,100,64,1000,0,0.0,2.1684043449710093e-19,0.0038267584855551,1000,0,0,0.2952542000092792,0.0253725400598247,-0.286294570588361,1.0,0.0264285714285714,7456,1000,0,0.0,2.1684043449710093e-19,0.0038267584855551,1000,0,0,0.2173706646806005,0.0253725400598247,-0.2084110352596823,1.0,0.0264285714285714,7456
eight_balanced,0.5,32,512,400,64,1000,0,0.0,2.1684043449710093e-19,0.0038267584855551,1000,0,0,0.2952542000092792,0.0126862700299123,-0.2735712406979022,1.0,0.0264285714285714,26656,1000,0,0.0,2.1684043449710093e-19,0.0038267584855551,1000,0,0,0.2173706646806005,0.0126862700299123,-0.1956877053692235,1.0,0.0264285714285714,26656
eight_balanced,0.5,32,8192,100,64,1000,0,0.0,2.1684043449710093e-19,0.0038267584855551,1000,0,0,0.0872444017331614,0.0253725400598247,-0.0782847723122431,0.9994450818330132,0.0264285714285714,22816,1000,0,0.0,2.1684043449710093e-19,0.0038267584855551,1000,0,0,0.0390878227440752,0.0253725400598247,-0.030128193323157,0.9742641606844654,0.0264285714285714,22816
eight_balanced,0.5,32,8192,400,64,1000,0,0.0,2.1684043449710093e-19,0.0038267584855551,1000,0,0,0.0872444017331614,0.0126862700299123,-0.0655614424217844,0.99868914363374,0.0264285714285714,42016,1000,1,0.001,0.000176546370626,0.0056425585979579,1000,0,0,0.0390878227440752,0.0126862700299123,-0.0174048634326982,0.9242286753365152,0.0264285714285714,42016
eight_balanced,0.5,512,512,100,64,1000,0,0.0,2.1684043449710093e-19,0.0038267584855551,1000,0,0,0.1634526150508995,0.0189406575248423,-0.1555857055001214,1.0,0.0264285714285714,7936,1000,0,0.0,2.1684043449710093e-19,0.0038267584855551,1000,0,0,0.1428023149858645,0.0189406575248423,-0.1349354054350864,1.0,0.0264285714285714,7936
eight_balanced,0.5,512,512,400,64,1000,0,0.0,2.1684043449710093e-19,0.0038267584855551,1000,0,0,0.1634526150508995,0.0094703287624211,-0.1460795025840784,1.0,0.0264285714285714,27136,1000,0,0.0,2.1684043449710093e-19,0.0038267584855551,1000,0,0,0.1428023149858645,0.0094703287624211,-0.1254292025190434,1.0,0.0264285714285714,27136
eight_balanced,0.5,512,8192,100,64,1000,0,0.0,2.1684043449710093e-19,0.0038267584855551,1000,0,0,0.0157396759923323,0.0189406575248423,-0.0078727664415542,0.3785755632622806,0.0264285714285714,23296,1000,5,0.005,0.0021375355273244,0.0116509553733751,1000,0,0,0.0114402625904293,0.0189406575248423,-0.0035733530396512,0.1450996216073181,0.0264285714285714,23296
eight_balanced,0.5,512,8192,400,64,1000,739,0.739,0.7109019937060769,0.7652688157378277,1000,0,0,0.0157396759923323,0.0094703287624211,0.0016334364744888,0.0842459479871833,0.0264285714285714,42496,1000,1000,1.0,0.996173241514445,1.0,1000,0,0,0.0114402625904293,0.0094703287624211,0.0059328498763918,0.0008740702073909,0.0264285714285714,42496
eight_balanced,0.5,8192,512,100,64,1000,0,0.0,2.1684043449710093e-19,0.0038267584855551,1000,0,0,0.1548960912788479,0.0181677563836506,-0.1466415080544444,1.0,0.0264285714285714,15616,1000,0,0.0,2.1684043449710093e-19,0.0038267584855551,1000,0,0,0.1368430287123926,0.0181677563836506,-0.1285884454879891,1.0,0.0264285714285714,15616
eight_balanced,0.5,8192,512,400,64,1000,0,0.0,2.1684043449710093e-19,0.0038267584855551,1000,0,0,0.1548960912788479,0.0090838781918253,-0.1375178849024517,1.0,0.0264285714285714,34816,1000,0,0.0,2.1684043449710093e-19,0.0038267584855551,1000,0,0,0.1368430287123926,0.0090838781918253,-0.1194648223359964,1.0,0.0264285714285714,34816
eight_balanced,0.5,8192,8192,100,64,1000,105,0.105,0.0874877826144168,0.1255353565891717,1000,0,0,0.0097578405615464,0.0181677563836506,-0.0015032573371428,0.0854345409910964,0.0264285714285714,30976,1000,417,0.417,0.3868147036306678,0.4478205382779342,1000,0,0,0.0084482973431534,0.0181677563836506,-0.0001937141187499,0.054833681030827,0.0264285714285714,30976
eight_balanced,0.5,8192,8192,400,64,1000,1000,1.0,0.996173241514445,1.0,1000,0,0,0.0097578405615464,0.0090838781918253,0.0076203658148497,0.0002383452529211,0.0264285714285714,50176,1000,1000,1.0,0.996173241514445,1.0,1000,0,0,0.0084482973431534,0.0090838781918253,0.0089299090332426,0.0001100260679813,0.0264285714285714,50176
eight_rare,0.0,32,512,100,64,1000,0,0.0,2.1684043449710093e-19,0.0038267584855551,462,0,0,0.3119001746110911,0.0250009094203798,-0.3360621110745113,1.0,0.0,7456,1000,0,0.0,2.1684043449710093e-19,0.0038267584855551,462,0,0,0.1912942912213117,0.0250009094203798,-0.215456227684732,1.0,0.0,7456
eight_rare,0.0,32,512,400,64,1000,0,0.0,2.1684043449710093e-19,0.0038267584855551,503,0,0,0.3119001746110911,0.0125004547101899,-0.3235413807011473,1.0,0.0,26656,1000,0,0.0,2.1684043449710093e-19,0.0038267584855551,503,0,0,0.1912942912213117,0.0125004547101899,-0.202935497311368,1.0,0.0,26656
eight_rare,0.0,32,8192,100,64,1000,0,0.0,2.1684043449710093e-19,0.0038267584855551,462,0,0,0.2534135734044292,0.0250009094203798,-0.2775755098678494,1.0,0.0,22816,1000,0,0.0,2.1684043449710093e-19,0.0038267584855551,462,0,0,0.0348979514257996,0.0250009094203798,-0.0590598878892199,1.0,0.0,22816
eight_rare,0.0,32,8192,400,64,1000,0,0.0,2.1684043449710093e-19,0.0038267584855551,503,0,0,0.2534135734044292,0.0125004547101899,-0.2650547794944855,1.0,0.0,42016,1000,0,0.0,2.1684043449710093e-19,0.0038267584855551,503,0,0,0.0348979514257996,0.0125004547101899,-0.046539157515856,1.0,0.0,42016
eight_rare,0.0,512,512,100,64,1000,0,0.0,2.1684043449710093e-19,0.0038267584855551,65,0,0,0.4792913759577025,0.0215713507267365,-0.5009101459306493,1.0,0.0,7936,1000,0,0.0,2.1684043449710093e-19,0.0038267584855551,65,0,0,0.137876153387619,0.0215713507267365,-0.1594949233605657,1.0,0.0,7936
eight_rare,0.0,512,512,400,64,1000,0,0.0,2.1684043449710093e-19,0.0038267584855551,99,0,0,0.4792913759577025,0.0107856753633682,-0.4900912921085195,1.0,0.0,27136,1000,0,0.0,2.1684043449710093e-19,0.0038267584855551,99,0,0,0.137876153387619,0.0107856753633682,-0.1486760695384359,1.0,0.0,27136
eight_rare,0.0,512,8192,100,64,1000,0,0.0,2.1684043449710093e-19,0.0038267584855551,65,0,0,0.242250933257675,0.0215713507267365,-0.2638697032306219,1.0,0.0,23296,1000,0,0.0,2.1684043449710093e-19,0.0038267584855551,65,0,0,0.0120980881256009,0.0215713507267365,-0.0337168580985477,1.0,0.0,23296
eight_rare,0.0,512,8192,400,64,1000,0,0.0,2.1684043449710093e-19,0.0038267584855551,99,0,0,0.242250933257675,0.0107856753633682,-0.253050849408492,1.0,0.0,42496,1000,0,0.0,2.1684043449710093e-19,0.0038267584855551,99,0,0,0.0120980881256009,0.0107856753633682,-0.0228980042764178,1.0,0.0,42496
eight_rare,0.0,8192,512,100,64,1000,0,0.0,2.1684043449710093e-19,0.0038267584855551,43,0,0,0.4497331329450881,0.0188948426788303,-0.4686941051307524,1.0,0.0,15616,1000,0,0.0,2.1684043449710093e-19,0.0038267584855551,43,0,0,0.1323978926670136,0.0188948426788303,-0.151358864852678,1.0,0.0,15616
eight_rare,0.0,8192,512,400,64,1000,0,0.0,2.1684043449710093e-19,0.0038267584855551,48,0,0,0.4497331329450881,0.0094474213394151,-0.4592126544496638,1.0,0.0,34816,1000,0,0.0,2.1684043449710093e-19,0.0038267584855551,48,0,0,0.1323978926670136,0.0094474213394151,-0.1418774141715895,1.0,0.0,34816
eight_rare,0.0,8192,8192,100,64,1000,0,0.0,2.1684043449710093e-19,0.0038267584855551,43,0,0,0.1673978551275465,0.0188948426788303,-0.1863588273132108,1.0,0.0,30976,1000,0,0.0,2.1684043449710093e-19,0.0038267584855551,43,0,0,0.0089205203989818,0.0188948426788303,-0.0278814925846461,1.0,0.0,30976
eight_rare,0.0,8192,8192,400,64,1000,0,0.0,2.1684043449710093e-19,0.0038267584855551,48,0,0,0.1673978551275465,0.0094474213394151,-0.1768773766321223,1.0,0.0,50176,1000,0,0.0,2.1684043449710093e-19,0.0038267584855551,48,0,0,0.0089205203989818,0.0094474213394151,-0.0184000419035576,1.0,0.0,50176
eight_rare,0.25,32,512,100,64,1000,0,0.0,2.1684043449710093e-19,0.0038267584855551,978,0,0,0.3181197575907202,0.0247284747360053,-0.325081870031438,1.0,0.0136551020408163,7456,1000,0,0.0,2.1684043449710093e-19,0.0038267584855551,978,0,0,0.1937030457272299,0.0247284747360053,-0.2006651581679477,1.0,0.0136551020408163,7456
eight_rare,0.25,32,512,400,64,1000,0,0.0,2.1684043449710093e-19,0.0038267584855551,984,0,0,0.3181197575907202,0.0123642373680026,-0.3127116234862829,1.0,0.0136551020408163,26656,1000,0,0.0,2.1684043449710093e-19,0.0038267584855551,984,0,0,0.1937030457272299,0.0123642373680026,-0.1882949116227926,1.0,0.0136551020408163,26656
eight_rare,0.25,32,8192,100,64,1000,0,0.0,2.1684043449710093e-19,0.0038267584855551,978,0,0,0.2566182126546289,0.0247284747360053,-0.2635803250953467,1.0,0.0136551020408163,22816,1000,0,0.0,2.1684043449710093e-19,0.0038267584855551,978,0,0,0.0356684278008626,0.0247284747360053,-0.0426305402415804,1.0,0.0136551020408163,22816
eight_rare,0.25,32,8192,400,64,1000,0,0.0,2.1684043449710093e-19,0.0038267584855551,984,0,0,0.2566182126546289,0.0123642373680026,-0.2512100785501915,1.0,0.0136551020408163,42016,1000,0,0.0,2.1684043449710093e-19,0.0038267584855551,984,0,0,0.0356684278008626,0.0123642373680026,-0.0302602936964253,1.0,0.0136551020408163,42016
eight_rare,0.25,512,512,100,64,1000,0,0.0,2.1684043449710093e-19,0.0038267584855551,1000,0,0,0.483456388156155,0.0215277453708584,-0.4911281667202763,1.0,0.0136551020408163,7936,1000,0,0.0,2.1684043449710093e-19,0.0038267584855551,1000,0,0,0.1385602014006813,0.0215277453708584,-0.1462319799648025,1.0,0.0136551020408163,7936
eight_rare,0.25,512,512,400,64,1000,0,0.0,2.1684043449710093e-19,0.0038267584855551,1000,0,0,0.483456388156155,0.0107638726854292,-0.480349562025669,1.0,0.0136551020408163,27136,1000,0,0.0,2.1684043449710093e-19,0.0038267584855551,1000,0,0,0.1385602014006813,0.0107638726854292,-0.1354533752701953,1.0,0.0136551020408163,27136
eight_rare,0.25,512,8192,100,64,1000,0,0.0,2.1684043449710093e-19,0.0038267584855551,1000,0,0,0.2411610489655727,0.0215277453708584,-0.248832827529694,1.0,0.0136551020408163,23296,1000,0,0.0,2.1684043449710093e-19,0.0038267584855551,1000,0,0,0.0121092974356218,0.0215277453708584,-0.0197810759997431,0.967935453181284,0.0136551020408163,23296
eight_rare,0.25,512,8192,400,64,1000,0,0.0,2.1684043449710093e-19,0.0038267584855551,1000,0,0,0.2411610489655727,0.0107638726854292,-0.2380542228350867,1.0,0.0136551020408163,42496,1000,0,0.0,2.1684043449710093e-19,0.0038267584855551,1000,0,0,0.0121092974356218,0.0107638726854292,-0.0090024713051358,0.889613678131061,0.0136551020408163,42496
eight_rare,0.25,8192,512,100,64,1000,0,0.0,2.1684043449710093e-19,0.0038267584855551,1000,0,0,0.4516109389117473,0.0189175715596925,-0.4568766521785389,1.0,0.0136551020408163,15616,1000,0,0.0,2.1684043449710093e-19,0.0038267584855551,1000,0,0,0.1331323142553306,0.0189175715596925,-0.1383980275221223,1.0,0.0136551020408163,15616
eight_rare,0.25,8192,512,400,64,1000,0,0.0,2.1684043449710093e-19,0.0038267584855551,1000,0,0,0.4516109389117473,0.0094587857798462,-0.4474056918716884,1.0,0.0136551020408163,34816,1000,0,0.0,2.1684043449710093e-19,0.0038267584855551,1000,0,0,0.1331323142553306,0.0094587857798462,-0.1289270672152717,1.0,0.0136551020408163,34816
eight_rare,0.25,8192,8192,100,64,1000,0,0.0,2.1684043449710093e-19,0.0038267584855551,1000,0,0,0.1695654820613985,0.0189175715596925,-0.1748311953281902,1.0,0.0136551020408163,30976,1000,0,0.0,2.1684043449710093e-19,0.0038267584855551,1000,0,0,0.0089616792426233,0.0189175715596925,-0.014227392509415,0.8271117645992114,0.0136551020408163,30976
eight_rare,0.25,8192,8192,400,64,1000,0,0.0,2.1684043449710093e-19,0.0038267584855551,1000,0,0,0.1695654820613985,0.0094587857798462,-0.1653602350213396,1.0,0.0136551020408163,50176,1000,0,0.0,2.1684043449710093e-19,0.0038267584855551,1000,0,0,0.0089616792426233,0.0094587857798462,-0.0047564322025644,0.4778585870671564,0.0136551020408163,50176
eight_rare,0.5,32,512,100,64,1000,0,0.0,2.1684043449710093e-19,0.0038267584855551,1000,0,0,0.3259651450124134,0.0244078504502575,-0.3155089304380187,1.0,0.0273102040816326,7456,1000,0,0.0,2.1684043449710093e-19,0.0038267584855551,1000,0,0,0.1952306723382941,0.0244078504502575,-0.1847744577638995,1.0,0.0273102040816326,7456
eight_rare,0.5,32,512,400,64,1000,0,0.0,2.1684043449710093e-19,0.0038267584855551,1000,0,0,0.3259651450124134,0.0122039252251287,-0.3032766719958341,1.0,0.0273102040816326,26656,1000,0,0.0,2.1684043449710093e-19,0.0038267584855551,1000,0,0,0.1952306723382941,0.0122039252251287,-0.1725421993217148,1.0,0.0273102040816326,26656
eight_rare,0.5,32,8192,100,64,1000,0,0.0,2.1684043449710093e-19,0.0038267584855551,1000,0,0,0.253806115582558,0.0244078504502575,-0.2433499010081633,1.0,0.0273102040816326,22816,1000,0,0.0,2.1684043449710093e-19,0.0038267584855551,1000,0,0,0.0363602589354513,0.0244078504502575,-0.0259040443610567,0.93984359842376,0.0273102040816326,22816
eight_rare,0.5,32,8192,400,64,1000,0,0.0,2.1684043449710093e-19,0.0038267584855551,1000,0,0,0.253806115582558,0.0122039252251287,-0.2311176425659786,1.0,0.0273102040816326,42016,1000,10,0.01,0.0054407544455292,0.0183094688703147,1000,0,0,0.0363602589354513,0.0122039252251287,-0.013671785918872,0.8364252216742681,0.0273102040816326,42016
eight_rare,0.5,512,512,100,64,1000,0,0.0,2.1684043449710093e-19,0.0038267584855551,1000,0,0,0.4739036864879519,0.0211662512498741,-0.4673543928088097,1.0,0.0273102040816326,7936,1000,0,0.0,2.1684043449710093e-19,0.0038267584855551,1000,0,0,0.1385819752796691,0.0211662512498741,-0.1320326816005268,1.0,0.0273102040816326,7936
eight_rare,0.5,512,512,400,64,1000,0,0.0,2.1684043449710093e-19,0.0038267584855551,1000,0,0,0.4739036864879519,0.010583125624937,-0.4567665739256717,1.0,0.0273102040816326,27136,1000,0,0.0,2.1684043449710093e-19,0.0038267584855551,1000,0,0,0.1385819752796691,0.010583125624937,-0.1214448627173889,1.0,0.0273102040816326,27136
eight_rare,0.5,512,8192,100,64,1000,0,0.0,2.1684043449710093e-19,0.0038267584855551,1000,0,0,0.2409294178415588,0.0211662512498741,-0.2343801241624165,1.0,0.0273102040816326,23296,1000,10,0.01,0.0054407544455292,0.0183094688703147,1000,0,0,0.0122049763605587,0.0211662512498741,-0.0056556826814164,0.2072862144544624,0.0273102040816326,23296
eight_rare,0.5,512,8192,400,64,1000,0,0.0,2.1684043449710093e-19,0.0038267584855551,1000,0,0,0.2409294178415588,0.010583125624937,-0.2237923052792786,1.0,0.0273102040816326,42496,1000,993,0.993,0.9856216845342334,0.9966051315990092,1000,0,0,0.0122049763605587,0.010583125624937,0.0049321362017215,0.0045423149850459,0.0273102040816326,42496
eight_rare,0.5,8192,512,100,64,1000,0,0.0,2.1684043449710093e-19,0.0038267584855551,1000,0,0,0.4482879247903958,0.0188145469363947,-0.4397753518922138,1.0,0.0273102040816326,15616,1000,0,0.0,2.1684043449710093e-19,0.0038267584855551,1000,0,0,0.1330608911229056,0.0188145469363947,-0.1245483182247236,1.0,0.0273102040816326,15616
eight_rare,0.5,8192,512,400,64,1000,0,0.0,2.1684043449710093e-19,0.0038267584855551,1000,0,0,0.4482879247903958,0.0094072734681973,-0.4303660233857198,1.0,0.0273102040816326,34816,1000,0,0.0,2.1684043449710093e-19,0.0038267584855551,1000,0,0,0.1330608911229056,0.0094072734681973,-0.1151389897182295,1.0,0.0273102040816326,34816
eight_rare,0.5,8192,8192,100,64,1000,0,0.0,2.1684043449710093e-19,0.0038267584855551,1000,0,0,0.1664228256602122,0.0188145469363947,-0.1579102527620302,1.0,0.0273102040816326,30976,1000,397,0.397,0.3671245856007024,0.4276637266473219,1000,0,0,0.0089225386876434,0.0188145469363947,-0.0004099657894614,0.0596164229131063,0.0273102040816326,30976
eight_rare,0.5,8192,8192,400,64,1000,0,0.0,2.1684043449710093e-19,0.0038267584855551,1000,0,0,0.1664228256602122,0.0094072734681973,-0.1485009242555361,1.0,0.0273102040816326,50176,1000,1000,1.0,0.996173241514445,1.0,1000,0,0,0.0089225386876434,0.0094072734681973,0.0089993627170326,0.000124262797111,0.0273102040816326,50176
two_balanced,0.0,32,512,100,64,1000,0,0.0,2.1684043449710093e-19,0.0038267584855551,420,0,0,0.0403027284431604,0.0189268666515692,-0.0584565581204293,1.0,0.0,7456,1000,0,0.0,2.1684043449710093e-19,0.0038267584855551,420,0,0,0.0382759771408607,0.0189268666515692,-0.0564298068181296,1.0,0.0,7456
two_balanced,0.0,32,512,400,64,1000,0,0.0,2.1684043449710093e-19,0.0038267584855551,536,0,0,0.0403027284431604,0.0094634333257846,-0.048996081459765,1.0,0.0,26656,1000,0,0.0,2.1684043449710093e-19,0.0038267584855551,536,0,0,0.0382759771408607,0.0094634333257846,-0.0469693301574653,1.0,0.0,26656
two_balanced,0.0,32,8192,100,64,1000,0,0.0,2.1684043449710093e-19,0.0038267584855551,420,0,0,0.0072940165066839,0.0189268666515692,-0.0254478461839528,1.0,0.0,22816,1000,0,0.0,2.1684043449710093e-19,0.0038267584855551,420,0,0,0.0059106042900019,0.0189268666515692,-0.0240644339672708,1.0,0.0,22816
two_balanced,0.0,32,8192,400,64,1000,0,0.0,2.1684043449710093e-19,0.0038267584855551,536,0,0,0.0072940165066839,0.0094634333257846,-0.0159873695232885,1.0,0.0,42016,1000,0,0.0,2.1684043449710093e-19,0.0038267584855551,536,0,0,0.0059106042900019,0.0094634333257846,-0.0146039573066065,1.0,0.0,42016
two_balanced,0.0,512,512,100,64,1000,0,0.0,2.1684043449710093e-19,0.0038267584855551,52,0,0,0.0297911555626656,0.0177194942110288,-0.0474792964965789,1.0,0.0,7936,1000,0,0.0,2.1684043449710093e-19,0.0038267584855551,52,0,0,0.0295712895217263,0.0177194942110288,-0.0472594304556396,1.0,0.0,7936
two_balanced,0.0,512,512,400,64,1000,0,0.0,2.1684043449710093e-19,0.0038267584855551,60,0,0,0.0297911555626656,0.0088597471055144,-0.0386203211937678,1.0,0.0,27136,1000,0,0.0,2.1684043449710093e-19,0.0038267584855551,60,0,0,0.0295712895217263,0.0088597471055144,-0.0384004551528285,1.0,0.0,27136
two_balanced,0.0,512,8192,100,64,1000,0,0.0,2.1684043449710093e-19,0.0038267584855551,52,0,0,0.002409189504719,0.0177194942110288,-0.0200973304386323,1.0,0.0,23296,1000,0,0.0,2.1684043449710093e-19,0.0038267584855551,52,0,0,0.0022770016660696,0.0177194942110288,-0.0199651425999829,1.0,0.0,23296
two_balanced,0.0,512,8192,400,64,1000,0,0.0,2.1684043449710093e-19,0.0038267584855551,60,0,0,0.002409189504719,0.0088597471055144,-0.0112383551358212,1.0,0.0,42496,1000,0,0.0,2.1684043449710093e-19,0.0038267584855551,60,0,0,0.0022770016660696,0.0088597471055144,-0.0111061672971718,1.0,0.0,42496
two_balanced,0.0,8192,512,100,64,1000,0,0.0,2.1684043449710093e-19,0.0038267584855551,48,0,0,0.0289741146610116,0.0174554931336806,-0.0464390136848879,1.0,0.0,15616,1000,0,0.0,2.1684043449710093e-19,0.0038267584855551,48,0,0,0.0288939802335032,0.0174554931336806,-0.0463588792573795,1.0,0.0,15616
two_balanced,0.0,8192,512,400,64,1000,0,0.0,2.1684043449710093e-19,0.0038267584855551,42,0,0,0.0289741146610116,0.0087277465668403,-0.0377102099875007,1.0,0.0,34816,1000,0,0.0,2.1684043449710093e-19,0.0038267584855551,42,0,0,0.0288939802335032,0.0087277465668403,-0.0376300755599923,1.0,0.0,34816
two_balanced,0.0,8192,8192,100,64,1000,0,0.0,2.1684043449710093e-19,0.0038267584855551,48,0,0,0.0018589569419452,0.0174554931336806,-0.0193238559658215,1.0,0.0,30976,1000,0,0.0,2.1684043449710093e-19,0.0038267584855551,48,0,0,0.0018425118324695,0.0174554931336806,-0.0193074108563457,1.0,0.0,30976
two_balanced,0.0,8192,8192,400,64,1000,0,0.0,2.1684043449710093e-19,0.0038267584855551,42,0,0,0.0018589569419452,0.0087277465668403,-0.0105950522684342,1.0,0.0,50176,1000,0,0.0,2.1684043449710093e-19,0.0038267584855551,42,0,0,0.0018425118324695,0.0087277465668403,-0.0105786071589585,1.0,0.0,50176
two_balanced,0.25,32,512,100,64,1000,0,0.0,2.1684043449710093e-19,0.0038267584855551,1000,0,0,0.0409677052744835,0.018836053359827,-0.0487446620363159,1.0,0.01,7456,1000,0,0.0,2.1684043449710093e-19,0.0038267584855551,1000,0,0,0.0386225204113536,0.018836053359827,-0.046399477173186,1.0,0.01,7456
two_balanced,0.25,32,512,400,64,1000,0,0.0,2.1684043449710093e-19,0.0038267584855551,1000,0,0,0.0409677052744835,0.0094180266799135,-0.0393207543227123,1.0,0.01,26656,1000,0,0.0,2.1684043449710093e-19,0.0038267584855551,1000,0,0,0.0386225204113536,0.0094180266799135,-0.0369755694595824,1.0,0.01,26656
two_balanced,0.25,32,8192,100,64,1000,0,0.0,2.1684043449710093e-19,0.0038267584855551,1000,0,0,0.0075258705645777,0.018836053359827,-0.01530282732641,0.8364119002600894,0.01,22816,1000,0,0.0,2.1684043449710093e-19,0.0038267584855551,1000,0,0,0.0060030785383987,0.018836053359827,-0.013780035300231,0.7786191161104158,0.01,22816
two_balanced,0.25,32,8192,400,64,1000,1,0.001,0.000176546370626,0.0056425585979579,1000,0,0,0.0075258705645777,0.0094180266799135,-0.0058789196128065,0.5629852110759108,0.01,42016,1000,1,0.001,0.000176546370626,0.0056425585979579,1000,0,0,0.0060030785383987,0.0094180266799135,-0.0043561275866275,0.4228288029986681,0.01,42016
two_balanced,0.25,512,512,100,64,1000,0,0.0,2.1684043449710093e-19,0.0038267584855551,1000,0,0,0.0300056040049773,0.0177153959811276,-0.0376739040907965,1.0,0.01,7936,1000,0,0.0,2.1684043449710093e-19,0.0038267584855551,1000,0,0,0.0296798969349241,0.0177153959811276,-0.0373481970207433,1.0,0.01,7936
two_balanced,0.25,512,512,400,64,1000,0,0.0,2.1684043449710093e-19,0.0038267584855551,1000,0,0,0.0300056040049773,0.0088576979905638,-0.0288054212145852,1.0,0.01,27136,1000,0,0.0,2.1684043449710093e-19,0.0038267584855551,1000,0,0,0.0296798969349241,0.0088576979905638,-0.0284797141445319,1.0,0.01,27136
two_balanced,0.25,512,8192,100,64,1000,0,0.0,2.1684043449710093e-19,0.0038267584855551,1000,0,0,0.0024792847437531,0.0177153959811276,-0.0101475848295723,0.5786222654078699,0.01,23296,1000,0,0.0,2.1684043449710093e-19,0.0038267584855551,1000,0,0,0.0023140517744407,0.0177153959811276,-0.0099823518602599,0.565036188321054,0.01,23296
two_balanced,0.25,512,8192,400,64,1000,12,0.012,0.0068776478064035,0.0208572684754982,1000,0,0,0.0024792847437531,0.0088576979905638,-0.001279101953361,0.1177195631930045,0.01,42496,1000,10,0.01,0.0054407544455292,0.0183094688703147,1000,0,0,0.0023140517744407,0.0088576979905638,-0.0011138689840485,0.1048314920964554,0.01,42496
two_balanced,0.25,8192,512,100,64,1000,0,0.0,2.1684043449710093e-19,0.0038267584855551,1000,0,0,0.029060036024303,0.0174467081189249,-0.036516453796635,1.0,0.01,15616,1000,0,0.0,2.1684043449710093e-19,0.0038267584855551,1000,0,0,0.0289165667136906,0.0174467081189249,-0.0363729844860226,1.0,0.01,15616
two_balanced,0.25,8192,512,400,64,1000,0,0.0,2.1684043449710093e-19,0.0038267584855551,1000,0,0,0.029060036024303,0.0087233540594624,-0.027781580759001,1.0,0.01,34816,1000,0,0.0,2.1684043449710093e-19,0.0038267584855551,1000,0,0,0.0289165667136906,0.0087233540594624,-0.0276381114483886,1.0,0.01,34816
two_balanced,0.25,8192,8192,100,64,1000,0,0.0,2.1684043449710093e-19,0.0038267584855551,1000,0,0,0.0018580023945701,0.0174467081189249,-0.0093144201669021,0.5220640291819661,0.01,30976,1000,0,0.0,2.1684043449710093e-19,0.0038267584855551,1000,0,0,0.001836538420246,0.0174467081189249,-0.009292956192578,0.5202520283904082,0.01,30976
two_balanced,0.25,8192,8192,400,64,1000,65,0.065,0.051323770569062,0.0820055093133709,1000,0,0,0.0018580023945701,0.0087233540594624,-0.0005795471292681,0.0752374177026742,0.01,50176,1000,54,0.054,0.0416213137230627,0.0697921548460524,1000,0,0,0.001836538420246,0.0087233540594624,-0.000558083154944,0.0738938199503742,0.01,50176
two_balanced,0.5,32,512,100,64,1000,0,0.0,2.1684043449710093e-19,0.0038267584855551,1000,0,0,0.0408229127232947,0.0187153898269403,-0.038153232808543,1.0,0.02,7456,1000,0,0.0,2.1684043449710093e-19,0.0038267584855551,1000,0,0,0.038295036069796,0.0187153898269403,-0.0356253561550443,1.0,0.02,7456
two_balanced,0.5,32,512,400,64,1000,0,0.0,2.1684043449710093e-19,0.0038267584855551,1000,0,0,0.0408229127232947,0.0093576949134701,-0.0287988583661312,1.0,0.02,26656,1000,0,0.0,2.1684043449710093e-19,0.0038267584855551,1000,0,0,0.038295036069796,0.0093576949134701,-0.0262709817126325,1.0,0.02,26656
two_balanced,0.5,32,8192,100,64,1000,40,0.04,0.0295109736854527,0.0540096441212579,1000,0,0,0.0075292821050934,0.0187153898269403,-0.0048596021903417,0.2229381004521061,0.02,22816,1000,55,0.055,0.0424974273747684,0.0709083876773756,1000,0,0,0.0059684586276239,0.0187153898269403,-0.0032987787128721,0.144376699877823,0.02,22816
two_balanced,0.5,32,8192,400,64,1000,908,0.908,0.8884912646437558,0.9243861004320312,1000,0,0,0.0075292821050934,0.0093576949134701,0.00449477225207,0.0339413843889376,0.02,42016,1000,992,0.992,0.98429366546902,0.995940804181194,1000,0,0,0.0059684586276239,0.0093576949134701,0.0060555957295395,0.002897903604157,0.02,42016
two_balanced,0.5,512,512,100,64,1000,0,0.0,2.1684043449710093e-19,0.0038267584855551,1000,0,0,0.030190339642344,0.0176898631057257,-0.027790451069219,1.0,0.02,7936,1000,0,0.0,2.1684043449710093e-19,0.0038267584855551,1000,0,0,0.0297385890641444,0.0176898631057257,-0.0273387004910194,1.0,0.02,7936
two_balanced,0.5,512,512,400,64,1000,0,0.0,2.1684043449710093e-19,0.0038267584855551,1000,0,0,0.030190339642344,0.0088449315528628,-0.0189454862738262,1.0,0.02,27136,1000,0,0.0,2.1684043449710093e-19,0.0038267584855551,1000,0,0,0.0297385890641444,0.0088449315528628,-0.0184937356956266,1.0,0.02,27136
two_balanced,0.5,512,8192,100,64,1000,478,0.478,0.4471836295005325,0.5089847478728319,1000,0,0,0.0025143386025119,0.0176898631057257,-0.0001144500293869,0.0542437334037568,0.02,23296,1000,544,0.544,0.5130207581807846,0.5746424870724867,1000,0,0,0.0023259188256201,0.0176898631057257,7.396974750480662e-05,0.0504114012852771,0.02,23296
two_balanced,0.5,512,8192,400,64,1000,1000,1.0,0.996173241514445,1.0,1000,0,0,0.0025143386025119,0.0088449315528628,0.0087305147660058,0.0001135447356805,0.02,42496,1000,1000,1.0,0.996173241514445,1.0,1000,0,0,0.0023259188256201,0.0088449315528628,0.0089189345428976,0.0001082239028041,0.02,42496
two_balanced,0.5,8192,512,100,64,1000,0,0.0,2.1684043449710093e-19,0.0038267584855551,1000,0,0,0.029233366861308,0.0174457966783615,-0.0266676842393114,1.0,0.02,15616,1000,0,0.0,2.1684043449710093e-19,0.0038267584855551,1000,0,0,0.0289831723574786,0.0174457966783615,-0.026417489735482,1.0,0.02,15616
two_balanced,0.5,8192,512,400,64,1000,0,0.0,2.1684043449710093e-19,0.0038267584855551,1000,0,0,0.029233366861308,0.0087228983391807,-0.0179449636719727,1.0,0.02,34816,1000,0,0.0,2.1684043449710093e-19,0.0038267584855551,1000,0,0,0.0289831723574786,0.0087228983391807,-0.0176947691681433,1.0,0.02,34816
two_balanced,0.5,8192,8192,100,64,1000,828,0.828,0.8033660485432,0.8501235978902758,1000,0,0,0.001869219891967,0.0174457966783615,0.0006964627300295,0.0403169682805253,0.02,30976,1000,839,0.839,0.8149299903062807,0.860475467440513,1000,0,0,0.001842073972776,0.0174457966783615,0.0007236086492205,0.0398587090627385,0.02,30976
two_balanced,0.5,8192,8192,400,64,1000,1000,1.0,0.996173241514445,1.0,1000,0,0,0.001869219891967,0.0087228983391807,0.0094191832973681,0.000102860095669,0.02,50176,1000,1000,1.0,0.996173241514445,1.0,1000,0,0,0.001842073972776,0.0087228983391807,0.0094463292165592,0.0001026395324708,0.02,50176
