categories,validation_pairs,mass,fit_error,method,repetitions,noncoverage,median_slack,mean_slack,negative_upper
2,512,balanced,exact,rectangle,2000,0,0.012335120486333616,0.012562633344703051,0
2,512,balanced,exact,aggregate,2000,0,0.01224104516126622,0.012439881684056867,0
2,512,balanced,same_direction,rectangle,2000,0,0.019876275614076677,0.020009989900920976,0
2,512,balanced,same_direction,aggregate,2000,0,0.017679564186735407,0.017838087378527212,0
2,512,balanced,opposite_direction,rectangle,2000,0,0.020111146746153722,0.020066249212048626,1990
2,512,balanced,opposite_direction,aggregate,2000,0,0.035329069309362464,0.0352209299147243,0
2,512,one_heavy,exact,rectangle,2000,0,0.012190227991065714,0.012396402413445163,0
2,512,one_heavy,exact,aggregate,2000,0,0.012639651966224399,0.012794158715771803,0
2,512,one_heavy,same_direction,rectangle,2000,0,0.019601571412520308,0.019768012785816195,0
2,512,one_heavy,same_direction,aggregate,2000,0,0.017524501979934937,0.01794768677305434,0
2,512,one_heavy,opposite_direction,rectangle,2000,0,0.01975530278204635,0.01976249239476765,1917
2,512,one_heavy,opposite_direction,aggregate,2000,0,0.0354420415938859,0.03523441071345712,0
2,2048,balanced,exact,rectangle,2000,0,0.0030739287763311366,0.0031251659637480493,0
2,2048,balanced,exact,aggregate,2000,0,0.003019050303944169,0.003064539162807172,0
2,2048,balanced,same_direction,rectangle,2000,0,0.007445253081127932,0.007469606309609757,0
2,2048,balanced,same_direction,aggregate,2000,0,0.006503139108101781,0.0065402611061604115,0
2,2048,balanced,opposite_direction,rectangle,2000,0,0.012527153990062913,0.012496142341722853,2000
2,2048,balanced,opposite_direction,aggregate,2000,0,0.015563511317973747,0.015508726935046692,2000
2,2048,one_heavy,exact,rectangle,2000,0,0.003056412890431329,0.003109224894471016,0
2,2048,one_heavy,exact,aggregate,2000,0,0.0030909461331946647,0.00315052285361295,0
2,2048,one_heavy,same_direction,rectangle,2000,0,0.007337977099046039,0.007385837273451891,0
2,2048,one_heavy,same_direction,aggregate,2000,0,0.006565200482302042,0.006589270481453399,0
2,2048,one_heavy,opposite_direction,rectangle,2000,0,0.012185415180528777,0.01213386750255889,2000
2,2048,one_heavy,opposite_direction,aggregate,2000,0,0.01548276055941233,0.015430464275779595,2000
2,8192,balanced,exact,rectangle,2000,0,0.0007646049267122161,0.0007811911158861418,0
2,8192,balanced,exact,aggregate,2000,0,0.000755291525193707,0.0007670769005039245,0
2,8192,balanced,same_direction,rectangle,2000,0,0.0030777735704418238,0.003098071523543224,0
2,8192,balanced,same_direction,aggregate,2000,0,0.002705520526075771,0.0027183210836266947,0
2,8192,balanced,opposite_direction,rectangle,2000,0,0.006859671231675468,0.006864308901059218,2000
2,8192,balanced,opposite_direction,aggregate,2000,0,0.00722730776425365,0.007196779136937793,2000
2,8192,one_heavy,exact,rectangle,2000,0,0.0007589876952745627,0.0007756670448687485,0
2,8192,one_heavy,exact,aggregate,2000,0,0.000776360080905671,0.000787795330172969,0
2,8192,one_heavy,same_direction,rectangle,2000,0,0.003020353853207361,0.003035490288737296,0
2,8192,one_heavy,same_direction,aggregate,2000,0,0.002700146827817065,0.0027240034970814203,0
2,8192,one_heavy,opposite_direction,rectangle,2000,0,0.006671363321769959,0.006685178713140067,2000
2,8192,one_heavy,opposite_direction,aggregate,2000,0,0.007220440355525968,0.007209742320655916,2000
8,512,balanced,exact,rectangle,2000,0,0.06250509675793425,0.06277029557186571,0
8,512,balanced,exact,aggregate,2000,0,0.023413023883170195,0.023624122862458453,0
8,512,balanced,same_direction,rectangle,2000,0,0.07459119574364109,0.0747640906991469,0
8,512,balanced,same_direction,aggregate,2000,0,0.026486713432588786,0.0269034741498076,0
8,512,balanced,opposite_direction,rectangle,2000,0,0.06272140016890099,0.06289666596816477,0
8,512,balanced,opposite_direction,aggregate,2000,0,0.04212569734968806,0.04219947330873424,0
8,512,one_heavy,exact,rectangle,2000,0,0.05866437887653587,0.05889344229990205,0
8,512,one_heavy,exact,aggregate,2000,0,0.025548505236422336,0.02594492875779414,0
8,512,one_heavy,same_direction,rectangle,2000,0,0.0710427477588442,0.07117440678387293,0
8,512,one_heavy,same_direction,aggregate,2000,0,0.028431174990459607,0.028999348416707184,0
8,512,one_heavy,opposite_direction,rectangle,2000,0,0.06457494946637744,0.06486001727731823,0
8,512,one_heavy,opposite_direction,aggregate,2000,0,0.0436611015098425,0.044026008841790316,0
8,2048,balanced,exact,rectangle,2000,0,0.01548091306961238,0.015542758361700638,0
8,2048,balanced,exact,aggregate,2000,0,0.0056189509464678045,0.005678412318538031,0
8,2048,balanced,same_direction,rectangle,2000,0,0.023962682937384818,0.024020940911207794,0
8,2048,balanced,same_direction,aggregate,2000,0,0.008216921455007523,0.00827494474971088,0
8,2048,balanced,opposite_direction,rectangle,2000,0,0.021264736505896234,0.021299449670585745,1942
8,2048,balanced,opposite_direction,aggregate,2000,0,0.01687201395555183,0.016811113452793482,2000
8,2048,one_heavy,exact,rectangle,2000,0,0.015417623642916737,0.015480137228941026,0
8,2048,one_heavy,exact,aggregate,2000,0,0.0057520457147045255,0.005819241624508963,0
8,2048,one_heavy,same_direction,rectangle,2000,0,0.0218497643189393,0.021849017936692625,0
8,2048,one_heavy,same_direction,aggregate,2000,0,0.008238939853792197,0.008302460729779828,0
8,2048,one_heavy,opposite_direction,rectangle,2000,0,0.022036576988578846,0.02203374977098136,1234
8,2048,one_heavy,opposite_direction,aggregate,2000,0,0.016926838111585824,0.016874895615958466,1999
8,8192,balanced,exact,rectangle,2000,0,0.003869490669195104,0.0038768152914636206,0
8,8192,balanced,exact,aggregate,2000,0,0.0013826429651378055,0.0013976382335783616,0
8,8192,balanced,same_direction,rectangle,2000,0,0.008780140999787772,0.008795174664455221,0
8,8192,balanced,same_direction,aggregate,2000,0,0.0030914927497208812,0.0030966068716813443,0
8,8192,balanced,opposite_direction,rectangle,2000,0,0.013705519703275092,0.013706110728896867,2000
8,8192,balanced,opposite_direction,aggregate,2000,0,0.007512005110399074,0.007499115663774804,2000
8,8192,one_heavy,exact,rectangle,2000,0,0.0038409107481273013,0.003858215492142107,0
8,8192,one_heavy,exact,aggregate,2000,0,0.001402694934930056,0.0014161962772981007,0
8,8192,one_heavy,same_direction,rectangle,2000,0,0.007671445609633042,0.007695525819628014,0
8,8192,one_heavy,same_direction,aggregate,2000,0,0.0030670430411041238,0.003087006096397587,0
8,8192,one_heavy,opposite_direction,rectangle,2000,0,0.010470489447308225,0.010452660784564792,2000
8,8192,one_heavy,opposite_direction,aggregate,2000,0,0.007515332868480927,0.007504906047009513,2000
32,512,balanced,exact,rectangle,2000,0,0.24715229052881715,0.24697688599224313,0
32,512,balanced,exact,aggregate,2000,0,0.051335879888073824,0.05218602919958404,0
32,512,balanced,same_direction,rectangle,2000,0,0.2587579915408593,0.2588434620718551,0
32,512,balanced,same_direction,aggregate,2000,0,0.05312914474671721,0.0538735911541668,0
32,512,balanced,opposite_direction,rectangle,2000,0,0.24722921019964347,0.2472757100024292,0
32,512,balanced,opposite_direction,aggregate,2000,0,0.0649258475661885,0.06545943118007838,0
32,512,one_heavy,exact,rectangle,2000,0,0.10901878160097518,0.10921223252517333,0
32,512,one_heavy,exact,aggregate,2000,0,0.06689461727866063,0.06712268749698035,0
32,512,one_heavy,same_direction,rectangle,2000,0,0.1307864492133738,0.1308843232791394,0
32,512,one_heavy,same_direction,aggregate,2000,0,0.07095022854846318,0.07132430212398773,0
32,512,one_heavy,opposite_direction,rectangle,2000,0,0.11448898325506832,0.11438833507033205,0
32,512,one_heavy,opposite_direction,aggregate,2000,0,0.07927385310075097,0.07947227128720893,0
32,2048,balanced,exact,rectangle,2000,0,0.0749326958108261,0.07493965716975177,0
32,2048,balanced,exact,aggregate,2000,0,0.010892470313021773,0.010941126104196272,0
32,2048,balanced,same_direction,rectangle,2000,0,0.08805589321019043,0.08812605653071068,0
32,2048,balanced,same_direction,aggregate,2000,0,0.012450461724580156,0.012541455445554616,0
32,2048,balanced,opposite_direction,rectangle,2000,0,0.07491290772855666,0.07497566187434203,0
32,2048,balanced,opposite_direction,aggregate,2000,0,0.02017682675722834,0.020118132425743798,1847
32,2048,one_heavy,exact,rectangle,2000,0,0.0660716595976037,0.066146280916395,0
32,2048,one_heavy,exact,aggregate,2000,0,0.012252107212891276,0.012399020660586913,0
32,2048,one_heavy,same_direction,rectangle,2000,0,0.07911108073237705,0.07911605091668053,0
32,2048,one_heavy,same_direction,aggregate,2000,0,0.013804948863401717,0.013919703626850112,0
32,2048,one_heavy,opposite_direction,rectangle,2000,0,0.07286617256402853,0.0729209713613372,0
32,2048,one_heavy,opposite_direction,aggregate,2000,0,0.02134610979584883,0.02129635719972848,1475
32,8192,balanced,exact,rectangle,2000,0,0.018516804294397553,0.018528994909085172,0
32,8192,balanced,exact,aggregate,2000,0,0.0026016377486187464,0.002620287198332412,0
32,8192,balanced,same_direction,rectangle,2000,0,0.027820664714365468,0.02784880511691922,0
32,8192,balanced,same_direction,aggregate,2000,0,0.0038700694105553604,0.003891145573664761,0
32,8192,balanced,opposite_direction,rectangle,2000,0,0.02242266589324171,0.022436141404002824,1169
32,8192,balanced,opposite_direction,aggregate,2000,0,0.008172198605878617,0.0081445250087961,2000
32,8192,one_heavy,exact,rectangle,2000,0,0.01857304068204231,0.01858485863622167,0
32,8192,one_heavy,exact,aggregate,2000,0,0.0026910125908127637,0.0027018359392908674,0
32,8192,one_heavy,same_direction,rectangle,2000,0,0.024224192982938215,0.02420367689078513,0
32,8192,one_heavy,same_direction,aggregate,2000,0,0.003992617877118856,0.003988607385673531,0
32,8192,one_heavy,opposite_direction,rectangle,2000,0,0.02303857984824085,0.023037933225664803,552
32,8192,one_heavy,opposite_direction,aggregate,2000,0,0.008209957550115134,0.008219197227372741,2000
128,512,balanced,exact,rectangle,2000,0,0.3478705177510518,0.3477578962631397,0
128,512,balanced,exact,aggregate,2000,0,0.1691988622886165,0.16948813306205085,0
128,512,balanced,same_direction,rectangle,2000,0,0.35497442572691906,0.3548769990698647,0
128,512,balanced,same_direction,aggregate,2000,0,0.1720703175649281,0.1722597303643579,0
128,512,balanced,opposite_direction,rectangle,2000,0,0.3478439512114462,0.3477317846959448,0
128,512,balanced,opposite_direction,aggregate,2000,0,0.17569728238905316,0.175855167194186,0
128,512,one_heavy,exact,rectangle,2000,0,0.11120645255263392,0.11153557721247268,0
128,512,one_heavy,exact,aggregate,2000,0,0.10262690005549395,0.10253347958250605,0
128,512,one_heavy,same_direction,rectangle,2000,0,0.1335303349532298,0.13361608991397375,0
128,512,one_heavy,same_direction,aggregate,2000,0,0.11720820660226697,0.11737796443161165,0
128,512,one_heavy,opposite_direction,rectangle,2000,0,0.11570994384136969,0.1156530086792815,0
128,512,one_heavy,opposite_direction,aggregate,2000,0,0.11719331956143395,0.11707477783635759,0
128,2048,balanced,exact,rectangle,2000,0,0.27247957191169403,0.27251330417014935,0
128,2048,balanced,exact,aggregate,2000,0,0.024726382091347445,0.024880469468504064,0
128,2048,balanced,same_direction,rectangle,2000,0,0.283377363876684,0.28330702028305726,0
128,2048,balanced,same_direction,aggregate,2000,0,0.025609808567432356,0.025724769259663074,0
128,2048,balanced,opposite_direction,rectangle,2000,0,0.2725494884277549,0.27249239466470787,0
128,2048,balanced,opposite_direction,aggregate,2000,0,0.03126999231442178,0.03133986927455825,0
128,2048,one_heavy,exact,rectangle,2000,0,0.10300476919081089,0.10303916493429602,0
128,2048,one_heavy,exact,aggregate,2000,0,0.04026319853419628,0.0403706951348646,0
128,2048,one_heavy,same_direction,rectangle,2000,0,0.1223077381326049,0.12235175450039776,0
128,2048,one_heavy,same_direction,aggregate,2000,0,0.04403052894140472,0.04399917990028558,0
128,2048,one_heavy,opposite_direction,rectangle,2000,0,0.1100162435455444,0.10996925655842969,0
128,2048,one_heavy,opposite_direction,aggregate,2000,0,0.046530005265225785,0.046541542093996184,0
128,8192,balanced,exact,rectangle,2000,0,0.08688269899030857,0.08689531677967878,0
128,8192,balanced,exact,aggregate,2000,0,0.0051621267681088295,0.005168166415973889,0
128,8192,balanced,same_direction,rectangle,2000,0,0.10124398835042106,0.10122142314113285,0
128,8192,balanced,same_direction,aggregate,2000,0,0.0059765076979872035,0.00598067082417708,0
128,8192,balanced,opposite_direction,rectangle,2000,0,0.08686798133099224,0.08689178363414884,0
128,8192,balanced,opposite_direction,aggregate,2000,0,0.009716610704799254,0.009736064378275356,2000
128,8192,one_heavy,exact,rectangle,2000,0,0.07295459465349721,0.07294850071555302,0
128,8192,one_heavy,exact,aggregate,2000,0,0.005885620003472017,0.005914527808212004,0
128,8192,one_heavy,same_direction,rectangle,2000,0,0.08648225965734198,0.08644860258223562,0
128,8192,one_heavy,same_direction,aggregate,2000,0,0.006660959190517283,0.006679813561026865,0
128,8192,one_heavy,opposite_direction,rectangle,2000,0,0.07779226721067806,0.0777818045181656,0
128,8192,one_heavy,opposite_direction,aggregate,2000,0,0.010426036086240357,0.010401463011185913,2000
